date,shrubID,P_mpa,mass_g,start_weight,leaf_mass_g,offset_mass_g,note,start_wp,mass_lost_g,week,state,lag_wp,diff_wp
2025-06-04,122,-0.71,0.2711,0.2711,0.2711,0,NA,-0.71,0,2,Fresh - Wet paper towel,NA,NA
2025-06-04,122,-0.83,0.2632,0.2711,0.2632,0,NA,-0.71,0.007900000000000018,2,Fresh - Wet paper towel,-0.71,0.12
2025-06-04,122,-0.89,0.2562,0.2711,0.2562,0,"pv(""39"")",-0.71,0.014900000000000024,2,Fresh - Wet paper towel,-0.83,0.06000000000000005
2025-06-04,122,-1.92,0.2328,0.2711,0.2328,0,NA,-0.71,0.0383,2,Fresh - Wet paper towel,-0.89,1.0299999999999998
2025-06-04,122,-2.27,0.2228,0.2711,0.2228,0,NA,-0.71,0.04830000000000001,2,Fresh - Wet paper towel,-1.92,0.3500000000000001
2025-06-04,122,-2.35,0.2175,0.2711,0.2175,0,NA,-0.71,0.05360000000000001,2,Fresh - Wet paper towel,-2.27,0.08000000000000007
2025-06-04,122,-2.47,0.2089,0.2711,0.2089,0,NA,-0.71,0.062200000000000005,2,Fresh - Wet paper towel,-2.35,0.1200000000000001
2025-06-04,122,-2.62,0.1914,0.2711,0.1914,0,NA,-0.71,0.07970000000000002,2,Fresh - Wet paper towel,-2.47,0.1499999999999999
2025-06-04,122,-2.76,0.1855,0.2711,0.1855,0,NA,-0.71,0.08560000000000001,2,Fresh - Wet paper towel,-2.62,0.13999999999999968
2025-06-04,122,-3.02,0.1795,0.2711,0.1795,0,NA,-0.71,0.09160000000000001,2,Fresh - Wet paper towel,-2.76,0.26000000000000023
2025-06-04,122,-4.67,0.1486,0.2711,0.1486,0,NA,-0.71,0.1225,2,Fresh - Wet paper towel,-3.02,1.65
2025-06-04,16,-1.01,0.8844,0.8844,0.8844,0,NA,-1.01,0,2,Fresh - Wet paper towel,NA,NA
2025-06-04,16,-1.29,0.8495,0.8844,0.8495,0,NA,-1.01,0.03489999999999993,2,Fresh - Wet paper towel,-1.01,0.28
2025-06-04,16,-1.9,0.7341,0.8844,0.7341,0,"pv(""5"", plotonly = TRUE)",-1.01,0.1503,2,Fresh - Wet paper towel,-1.29,0.6099999999999999
2025-06-04,16,-2.24,0.7193,0.8844,0.7193,0,NA,-1.01,0.1650999999999999,2,Fresh - Wet paper towel,-1.9,0.3400000000000003
2025-06-04,16,-2.43,0.7073,0.8844,0.7073,0,NA,-1.01,0.17709999999999992,2,Fresh - Wet paper towel,-2.24,0.18999999999999995
2025-06-04,16,-2.5,0.6923,0.8844,0.6923,0,NA,-1.01,0.19209999999999994,2,Fresh - Wet paper towel,-2.43,0.06999999999999984
2025-06-04,16,-2.68,0.6781,0.8844,0.6781,0,NA,-1.01,0.20629999999999993,2,Fresh - Wet paper towel,-2.5,0.18000000000000016
2025-06-04,16,-2.75,0.6662,0.8844,0.6662,0,NA,-1.01,0.21819999999999995,2,Fresh - Wet paper towel,-2.68,0.06999999999999984
2025-06-04,16,-2.94,0.6502,0.8844,0.6502,0,NA,-1.01,0.23419999999999996,2,Fresh - Wet paper towel,-2.75,0.18999999999999995
2025-06-04,39,-0.69,0.3388,0.3388,0.3388,0,NA,-0.69,0,2,Fresh - Wet paper towel,NA,NA
2025-06-04,39,-0.91,0.3223,0.3388,0.3223,0,NA,-0.69,0.016500000000000015,2,Fresh - Wet paper towel,-0.69,0.22000000000000008
2025-06-04,39,-1,0.3032,0.3388,0.3032,0,NA,-0.69,0.035599999999999965,2,Fresh - Wet paper towel,-0.91,0.08999999999999997
2025-06-04,39,-1.4,0.2827,0.3388,0.2827,0,NA,-0.69,0.05609999999999998,2,Fresh - Wet paper towel,-1,0.3999999999999999
2025-06-04,39,-2.3,0.2711,0.3388,0.2711,0,NA,-0.69,0.06769999999999998,2,Fresh - Wet paper towel,-1.4,0.8999999999999999
2025-06-04,39,-2.49,0.2659,0.3388,0.2659,0,NA,-0.69,0.07289999999999996,2,Fresh - Wet paper towel,-2.3,0.1900000000000004
2025-06-04,39,-2.84,0.2524,0.3388,0.2524,0,NA,-0.69,0.08639999999999998,2,Fresh - Wet paper towel,-2.49,0.34999999999999964
2025-06-04,39,-3.02,0.246,0.3388,0.246,0,NA,-0.69,0.0928,2,Fresh - Wet paper towel,-2.84,0.18000000000000016
2025-06-04,39,-3.26,0.2371,0.3388,0.2371,0,NA,-0.69,0.10169999999999998,2,Fresh - Wet paper towel,-3.02,0.23999999999999977
2025-06-04,39,-4.22,0.2097,0.3388,0.2097,0,NA,-0.69,0.1291,2,Fresh - Wet paper towel,-3.26,0.96
2025-06-04,46,-0.8,0.306,0.306,0.306,0,NA,-0.8,0,2,Fresh - Wet paper towel,NA,NA
2025-06-04,46,-1.05,0.2996,0.306,0.2996,0,NA,-0.8,0.006400000000000017,2,Fresh - Wet paper towel,-0.8,0.25
2025-06-04,46,-1.26,0.2849,0.306,0.2849,0,NA,-0.8,0.021100000000000008,2,Fresh - Wet paper towel,-1.05,0.20999999999999996
2025-06-04,46,-2.01,0.2678,0.306,0.2678,0,NA,-0.8,0.03820000000000001,2,Fresh - Wet paper towel,-1.26,0.7499999999999998
2025-06-04,46,-2.28,0.2595,0.306,0.2595,0,NA,-0.8,0.046499999999999986,2,Fresh - Wet paper towel,-2.01,0.27
2025-06-04,46,-2.43,0.2545,0.306,0.2545,0,NA,-0.8,0.05149999999999999,2,Fresh - Wet paper towel,-2.28,0.15000000000000036
2025-06-04,46,-2.64,0.2369,0.306,0.2369,0,NA,-0.8,0.0691,2,Fresh - Wet paper towel,-2.43,0.20999999999999996
2025-06-04,46,-2.76,0.2302,0.306,0.2302,0,NA,-0.8,0.0758,2,Fresh - Wet paper towel,-2.64,0.11999999999999966
2025-06-04,46,-3.02,0.221,0.306,0.221,0,NA,-0.8,0.08499999999999999,2,Fresh - Wet paper towel,-2.76,0.26000000000000023
2025-06-04,46,-4.16,0.1902,0.306,0.1902,0,NA,-0.8,0.11579999999999999,2,Fresh - Wet paper towel,-3.02,1.1400000000000001
2025-06-04,5,-1.137,0.6234,0.6234,0.6234,0,NA,-1.137,0,2,Fresh - Wet paper towel,NA,NA
2025-06-04,5,-1.414,0.6101,0.6234,0.6101,0,NA,-1.137,0.013299999999999979,2,Fresh - Wet paper towel,-1.137,0.2769999999999999
2025-06-04,5,-1.65,0.5722,0.6234,0.5722,0,"pv(""16"")",-1.137,0.05119999999999991,2,Fresh - Wet paper towel,-1.414,0.236
2025-06-04,5,-2.5,0.5388,0.6234,0.5388,0,NA,-1.137,0.08460000000000001,2,Fresh - Wet paper towel,-1.65,0.8500000000000001
2025-06-04,5,-2.62,0.5225,0.6234,0.5225,0,NA,-1.137,0.10089999999999999,2,Fresh - Wet paper towel,-2.5,0.1200000000000001
2025-06-04,5,-2.88,0.5069,0.6234,0.5069,0,NA,-1.137,0.11649999999999994,2,Fresh - Wet paper towel,-2.62,0.2599999999999998
2025-06-04,5,-3.03,0.496,0.6234,0.496,0,NA,-1.137,0.12739999999999996,2,Fresh - Wet paper towel,-2.88,0.1499999999999999
2025-06-04,5,-3.02,0.4876,0.6234,0.4876,0,NA,-1.137,0.13579999999999998,2,Fresh - Wet paper towel,-3.03,-0.009999999999999787
2025-06-04,5,-3.26,0.4754,0.6234,0.4754,0,NA,-1.137,0.14799999999999996,2,Fresh - Wet paper towel,-3.02,0.23999999999999977
2025-06-04,5,-3.32,0.4658,0.6234,0.4658,0,NA,-1.137,0.15759999999999996,2,Fresh - Wet paper towel,-3.26,0.06000000000000005
2025-06-04,69,-1.07,0.3138,0.3138,0.3138,0,NA,-1.07,0,2,Fresh - Wet paper towel,NA,NA
2025-06-04,69,-1.31,0.3072,0.3138,0.3072,0,NA,-1.07,0.00660000000000005,2,Fresh - Wet paper towel,-1.07,0.24
2025-06-04,69,-1.52,0.2994,0.3138,0.2994,0,NA,-1.07,0.014400000000000024,2,Fresh - Wet paper towel,-1.31,0.20999999999999996
2025-06-04,69,-2.12,0.2574,0.3138,0.2574,0,NA,-1.07,0.056400000000000006,2,Fresh - Wet paper towel,-1.52,0.6000000000000001
2025-06-04,69,-2.43,0.2482,0.3138,0.2482,0,NA,-1.07,0.06560000000000002,2,Fresh - Wet paper towel,-2.12,0.31000000000000005
2025-06-04,69,-2.53,0.2419,0.3138,0.2419,0,NA,-1.07,0.07190000000000002,2,Fresh - Wet paper towel,-2.43,0.09999999999999964
2025-06-04,69,-2.7,0.2334,0.3138,0.2334,0,NA,-1.07,0.08040000000000003,2,Fresh - Wet paper towel,-2.53,0.17000000000000037
2025-06-04,69,-2.88,0.2258,0.3138,0.2258,0,NA,-1.07,0.08800000000000002,2,Fresh - Wet paper towel,-2.7,0.17999999999999972
2025-06-04,69,-3.1,0.2191,0.3138,0.2191,0,NA,-1.07,0.09470000000000003,2,Fresh - Wet paper towel,-2.88,0.2200000000000002
2025-06-04,69,-3.41,0.2097,0.3138,0.2097,0,NA,-1.07,0.10410000000000003,2,Fresh - Wet paper towel,-3.1,0.31000000000000005
2025-06-04,69,-5.33,0.1738,0.3138,0.1738,0,NA,-1.07,0.14,2,Fresh - Wet paper towel,-3.41,1.92
2025-06-11,101,-2.87,0.2057,0.214,0.2057,0,NA,-1.8,0.008300000000000002,3,Fresh - Wet paper towel,NA,NA
2025-06-11,101,-3.35,0.1986,0.214,0.1986,0,NA,-1.8,0.015399999999999997,3,Fresh - Wet paper towel,-2.87,0.48
2025-06-11,101,-2.48,0.2038,0.214,0.2038,0,NA,-1.8,0.010199999999999987,3,Fresh - Wet paper towel,-3.35,-0.8700000000000001
2025-06-11,101,-3.64,0.1932,0.214,0.1932,0,NA,-1.8,0.020799999999999985,3,Fresh - Wet paper towel,-2.48,1.1600000000000001
2025-06-11,101,-3.73,0.1883,0.214,0.1883,0,NA,-1.8,0.0257,3,Fresh - Wet paper towel,-3.64,0.08999999999999986
2025-06-11,51,-0.19,0.2138,0.2138,0.2138,0,previous measurement was WP may have been incorrect,-0.19,0,3,Fresh - Wet paper towel,NA,NA
2025-06-11,51,-3.73,0.1873,0.2138,0.1873,0,NA,-0.19,0.026499999999999996,3,Fresh - Wet paper towel,-0.19,3.54
2025-06-11,51,-3.86,0.1848,0.2138,0.1848,0,NA,-0.19,0.028999999999999998,3,Fresh - Wet paper towel,-3.73,0.1299999999999999
2025-06-11,51,-4.04,0.1801,0.2138,0.1801,0,NA,-0.19,0.03369999999999998,3,Fresh - Wet paper towel,-3.86,0.18000000000000016
2025-06-11,51,-4.29,0.1735,0.2138,0.1735,0,NA,-0.19,0.0403,3,Fresh - Wet paper towel,-4.04,0.25
2025-06-11,51,-4.41,0.1701,0.2138,0.1701,0,NA,-0.19,0.04369999999999999,3,Fresh - Wet paper towel,-4.29,0.1200000000000001
2025-06-11,56,-1.12,0.1993,0.1993,0.1993,0,NA,-1.12,0,3,Fresh - Wet paper towel,NA,NA
2025-06-11,56,-1.2,0.1962,0.1993,0.1962,0,NA,-1.12,0.0030999999999999917,3,Fresh - Wet paper towel,-1.12,0.07999999999999985
2025-06-11,56,-1.32,0.1955,0.1993,0.1955,0,NA,-1.12,0.003799999999999998,3,Fresh - Wet paper towel,-1.2,0.1200000000000001
2025-06-11,56,-3.26,0.1763,0.1993,0.1763,0,NA,-1.12,0.022999999999999993,3,Fresh - Wet paper towel,-1.32,1.9399999999999997
2025-06-11,56,-3.34,0.1737,0.1993,0.1737,0,NA,-1.12,0.02560000000000001,3,Fresh - Wet paper towel,-3.26,0.08000000000000007
2025-06-11,56,-3.63,0.1665,0.1993,0.1665,0,NA,-1.12,0.032799999999999996,3,Fresh - Wet paper towel,-3.34,0.29000000000000004
2025-06-11,56,-3.86,0.1616,0.1993,0.1616,0,NA,-1.12,0.03770000000000001,3,Fresh - Wet paper towel,-3.63,0.22999999999999998
2025-06-11,86,-1.95,0.4519,0.4519,0.4519,0,NA,-1.95,0,3,Fresh - Wet paper towel,NA,NA
2025-06-11,86,-2.02,0.4462,0.4519,0.4462,0,NA,-1.95,0.005700000000000038,3,Fresh - Wet paper towel,-1.95,0.07000000000000006
2025-06-11,86,-2.72,0.4062,0.4519,0.4062,0,NA,-1.95,0.04570000000000002,3,Fresh - Wet paper towel,-2.02,0.7000000000000002
2025-06-11,86,-3.13,0.3823,0.4519,0.3823,0,NA,-1.95,0.06960000000000005,3,Fresh - Wet paper towel,-2.72,0.4099999999999997
2025-06-11,86,-3.57,0.3506,0.4519,0.3506,0,NA,-1.95,0.1013,3,Fresh - Wet paper towel,-3.13,0.43999999999999995
2025-06-11,86,-3.65,0.3369,0.4519,0.3369,0,NA,-1.95,0.11500000000000005,3,Fresh - Wet paper towel,-3.57,0.08000000000000007
2025-06-11,90,-2.45,0.2979,0.2979,0.2979,0,NA,-2.45,0,3,Fresh - Wet paper towel,NA,NA
2025-06-11,90,-3.17,0.2857,0.2979,0.2857,0,NA,-2.45,0.012199999999999989,3,Fresh - Wet paper towel,-2.45,0.7199999999999998
2025-06-11,90,-3.31,0.2757,0.2979,0.2757,0,"pv(""91"", plotonly = TRUE)",-2.45,0.022199999999999998,3,Fresh - Wet paper towel,-3.17,0.14000000000000012
2025-06-11,90,-3.82,0.2646,0.2979,0.2646,0,NA,-2.45,0.033299999999999996,3,Fresh - Wet paper towel,-3.31,0.5099999999999998
2025-06-11,90,-3.95,0.2595,0.2979,0.2595,0,NA,-2.45,0.03839999999999999,3,Fresh - Wet paper towel,-3.82,0.13000000000000034
2025-06-11,91,-2.99,0.2084,0.2084,0.2084,0,NA,-2.99,0,3,Fresh - Wet paper towel,NA,NA
2025-06-11,91,-3.21,0.2067,0.2084,0.2067,0,NA,-2.99,0.001700000000000007,3,Fresh - Wet paper towel,-2.99,0.21999999999999975
2025-06-11,91,-3.5,0.2003,0.2084,0.2003,0,NA,-2.99,0.008099999999999996,3,Fresh - Wet paper towel,-3.21,0.29000000000000004
2025-06-11,91,-3.82,0.1986,0.2084,0.1986,0,NA,-2.99,0.009800000000000003,3,Fresh - Wet paper towel,-3.5,0.31999999999999984
2025-06-11,91,-3.88,0.1909,0.2084,0.1909,0,NA,-2.99,0.017500000000000016,3,Fresh - Wet paper towel,-3.82,0.06000000000000005
2025-06-11,91,-4.51,0.1805,0.2084,0.1805,0,NA,-2.99,0.027900000000000008,3,Fresh - Wet paper towel,-3.88,0.6299999999999999
2025-06-11,91,-4.98,0.1749,0.2084,0.1749,0,NA,-2.99,0.0335,3,Fresh - Wet paper towel,-4.51,0.47000000000000064
2025-06-17,122,-1.15,0.5211,0.5248,0.5211,0,NA,-1.05,0.0037000000000000366,4,Fresh - Wet paper towel,NA,NA
2025-06-17,122,-1.42,0.513,0.5248,0.513,0,NA,-1.05,0.011800000000000033,4,Fresh - Wet paper towel,-1.15,0.27
2025-06-17,122,-2.32,0.5035,0.5248,0.5035,0,NA,-1.05,0.021300000000000097,4,Fresh - Wet paper towel,-1.42,0.8999999999999999
2025-06-17,122,-2.41,0.4983,0.5248,0.4983,0,NA,-1.05,0.026500000000000024,4,Fresh - Wet paper towel,-2.32,0.0900000000000003
2025-06-17,122,-2.5,0.4935,0.5248,0.4935,0,NA,-1.05,0.03130000000000005,4,Fresh - Wet paper towel,-2.41,0.08999999999999986
2025-06-17,122,-2.65,0.4881,0.5248,0.4881,0,NA,-1.05,0.036700000000000066,4,Fresh - Wet paper towel,-2.5,0.1499999999999999
2025-06-17,122,-2.85,0.4826,0.5248,0.4826,0,NA,-1.05,0.04220000000000007,4,Fresh - Wet paper towel,-2.65,0.20000000000000018
2025-06-17,122,-3.05,0.4703,0.5248,0.4693,0,NA,-1.05,0.05450000000000005,4,Fresh - Wet paper towel,-2.85,0.19999999999999973
2025-06-17,122,-3.4,0.4575,0.5248,0.4575,0,NA,-1.05,0.06730000000000003,4,Fresh - Wet paper towel,-3.05,0.3500000000000001
2025-06-17,122,-3.63,0.4457,0.5248,0.4457,0,NA,-1.05,0.07910000000000006,4,Fresh - Wet paper towel,-3.4,0.22999999999999998
2025-06-17,122,-3.74,0.4377,0.5248,0.4377,0,NA,-1.05,0.08710000000000007,4,Fresh - Wet paper towel,-3.63,0.11000000000000032
2025-06-17,122,-4.03,0.4275,0.5248,0.4275,0,NA,-1.05,0.09730000000000005,4,Fresh - Wet paper towel,-3.74,0.29000000000000004
2025-06-17,16,-0.33,0.655,0.655,0.655,0,NA,-0.33,0,4,Rehydrated,NA,NA
2025-06-17,16,-0.53,0.6466,0.655,0.6466,0,NA,-0.33,0.008400000000000074,4,Rehydrated,-0.33,0.2
2025-06-17,16,-0.65,0.64,0.655,0.64,0,NA,-0.33,0.015000000000000013,4,Rehydrated,-0.53,0.12
2025-06-17,16,-0.83,0.6304,0.655,0.6304,0,NA,-0.33,0.024600000000000066,4,Rehydrated,-0.65,0.17999999999999994
2025-06-17,16,-1.33,0.6134,0.655,0.6134,0,NA,-0.33,0.04160000000000008,4,Rehydrated,-0.83,0.5000000000000001
2025-06-17,16,-1.71,0.5946,0.655,0.5946,0,NA,-0.33,0.06040000000000001,4,Rehydrated,-1.33,0.3799999999999999
2025-06-17,16,-1.92,0.582,0.655,0.582,0,NA,-0.33,0.07300000000000006,4,Rehydrated,-1.71,0.20999999999999996
2025-06-17,16,-2.11,0.5696,0.655,0.5696,0,NA,-0.33,0.08540000000000003,4,Rehydrated,-1.92,0.18999999999999995
2025-06-17,16,-2.26,0.5456,0.655,0.5456,0,NA,-0.33,0.10940000000000005,4,Rehydrated,-2.11,0.1499999999999999
2025-06-17,16,-2.43,0.5336,0.655,0.5336,0,NA,-0.33,0.12140000000000006,4,Rehydrated,-2.26,0.17000000000000037
2025-06-17,16,-2.52,0.5174,0.655,0.5174,0,NA,-0.33,0.13760000000000006,4,Rehydrated,-2.43,0.08999999999999986
2025-06-17,16,-2.71,0.5078,0.655,0.5078,0,NA,-0.33,0.1472,4,Rehydrated,-2.52,0.18999999999999995
2025-06-17,16,-2.93,0.4902,0.655,0.4902,0,NA,-0.33,0.1648,4,Rehydrated,-2.71,0.2200000000000002
2025-06-17,39,-1.71,0.3388,0.3388,0.3388,0,NA,-1.71,0,4,Fresh - Wet paper towel,NA,NA
2025-06-17,39,-1.81,0.3308,0.3388,0.3308,0,NA,-1.71,0.008000000000000007,4,Fresh - Wet paper towel,-1.71,0.10000000000000009
2025-06-17,39,-1.96,0.3271,0.3388,0.3271,0,NA,-1.71,0.011699999999999988,4,Fresh - Wet paper towel,-1.81,0.1499999999999999
2025-06-17,39,-2.37,0.3236,0.3388,0.3236,0,"pv(""46"")",-1.71,0.015199999999999991,4,Fresh - Wet paper towel,-1.96,0.41000000000000014
2025-06-17,39,-2.7,0.3212,0.3388,0.3212,0,NA,-1.71,0.017600000000000005,4,Fresh - Wet paper towel,-2.37,0.33000000000000007
2025-06-17,39,-2.97,0.3171,0.3388,0.3171,0,NA,-1.71,0.021699999999999997,4,Fresh - Wet paper towel,-2.7,0.27
2025-06-17,39,-3.25,0.3131,0.3388,0.3131,0,NA,-1.71,0.0257,4,Fresh - Wet paper towel,-2.97,0.2799999999999998
2025-06-17,39,-3.32,0.3085,0.3388,0.3085,0,NA,-1.71,0.030299999999999994,4,Fresh - Wet paper towel,-3.25,0.06999999999999984
2025-06-17,39,-3.49,0.3023,0.3388,0.3023,0,NA,-1.71,0.03649999999999998,4,Fresh - Wet paper towel,-3.32,0.17000000000000037
2025-06-17,39,-3.79,0.2901,0.3388,0.2901,0,NA,-1.71,0.048699999999999966,4,Fresh - Wet paper towel,-3.49,0.2999999999999998
2025-06-17,39,-3.98,0.282,0.3388,0.282,0,NA,-1.71,0.05680000000000002,4,Fresh - Wet paper towel,-3.79,0.18999999999999995
2025-06-17,39,-4.11,0.2774,0.3388,0.2774,0,NA,-1.71,0.06140000000000001,4,Fresh - Wet paper towel,-3.98,0.13000000000000034
2025-06-17,46,-1.05,0.425,0.425,0.425,0,NA,-1.05,0,4,Rehydrated,NA,NA
2025-06-17,46,-1.15,0.4216,0.425,0.4216,0,NA,-1.05,0.003400000000000014,4,Rehydrated,-1.05,0.09999999999999987
2025-06-17,46,-1.25,0.4199,0.425,0.4199,0,"pv(""16"")",-1.05,0.005099999999999993,4,Rehydrated,-1.15,0.10000000000000009
2025-06-17,46,-1.37,0.4164,0.425,0.4164,0,NA,-1.05,0.008599999999999997,4,Rehydrated,-1.25,0.1200000000000001
2025-06-17,46,-1.56,0.4137,0.425,0.4137,0,NA,-1.05,0.011299999999999977,4,Rehydrated,-1.37,0.18999999999999995
2025-06-17,46,-1.93,0.4101,0.425,0.4101,0,NA,-1.05,0.014899999999999969,4,Rehydrated,-1.56,0.3699999999999999
2025-06-17,46,-2.11,0.4049,0.425,0.4049,0,NA,-1.05,0.020100000000000007,4,Rehydrated,-1.93,0.17999999999999994
2025-06-17,46,-2.3,0.3996,0.425,0.3996,0,NA,-1.05,0.025399999999999978,4,Rehydrated,-2.11,0.18999999999999995
2025-06-17,46,-2.43,0.3945,0.425,0.3945,0,NA,-1.05,0.03049999999999997,4,Rehydrated,-2.3,0.13000000000000034
2025-06-17,46,-2.66,0.3852,0.425,0.3852,0,deceptive bubbling,-1.05,0.0398,4,Rehydrated,-2.43,0.22999999999999998
2025-06-17,46,-2.84,0.3748,0.425,0.3748,0,NA,-1.05,0.05019999999999997,4,Rehydrated,-2.66,0.17999999999999972
2025-06-17,46,-3,0.3639,0.425,0.3639,0,NA,-1.05,0.06109999999999999,4,Rehydrated,-2.84,0.16000000000000014
2025-06-17,46,-3.24,0.3546,0.425,0.3546,0,NA,-1.05,0.07039999999999996,4,Rehydrated,-3,0.2400000000000002
2025-06-17,5,-0.99,0.5218,0.5218,0.5218,0,NA,-0.99,0,4,Rehydrated,NA,NA
2025-06-17,5,-1.12,0.5194,0.5218,0.5194,0,NA,-0.99,0.0024000000000000687,4,Rehydrated,-0.99,0.13000000000000012
2025-06-17,5,-1.21,0.5174,0.5218,0.5174,0,NA,-0.99,0.0044000000000000705,4,Rehydrated,-1.12,0.08999999999999986
2025-06-17,5,-1.57,0.5136,0.5218,0.5136,0,NA,-0.99,0.008200000000000096,4,Rehydrated,-1.21,0.3600000000000001
2025-06-17,5,-1.85,0.51,0.5218,0.51,0,NA,-0.99,0.011800000000000033,4,Rehydrated,-1.57,0.28
2025-06-17,5,-2.05,0.5043,0.5218,0.5043,0,NA,-0.99,0.01750000000000007,4,Rehydrated,-1.85,0.19999999999999973
2025-06-17,5,-2.21,0.5001,0.5218,0.5001,0,NA,-0.99,0.021700000000000053,4,Rehydrated,-2.05,0.16000000000000014
2025-06-17,5,-2.42,0.4946,0.5218,0.4946,0,NA,-0.99,0.027200000000000057,4,Rehydrated,-2.21,0.20999999999999996
2025-06-17,5,-2.48,0.4875,0.5218,0.4875,0,NA,-0.99,0.03430000000000005,4,Rehydrated,-2.42,0.06000000000000005
2025-06-17,5,-2.86,0.4707,0.5218,0.4707,0,NA,-0.99,0.051100000000000034,4,Rehydrated,-2.48,0.3799999999999999
2025-06-17,5,-2.98,0.458,0.5218,0.458,0,NA,-0.99,0.06380000000000002,4,Rehydrated,-2.86,0.1200000000000001
2025-06-17,5,-3.1,0.4505,0.5218,0.4505,0,NA,-0.99,0.07130000000000003,4,Rehydrated,-2.98,0.1200000000000001
2025-06-17,5,-3.34,0.4367,0.5218,0.4367,0,NA,-0.99,0.08510000000000006,4,Rehydrated,-3.1,0.23999999999999977
2025-06-17,69,-1.84,0.3327,0.3327,0.3327,0,NA,-1.84,0,4,Fresh - Wet paper towel,NA,NA
2025-06-17,69,-2.23,0.329,0.3327,0.329,0,NA,-1.84,0.003699999999999981,4,Fresh - Wet paper towel,-1.84,0.3899999999999999
2025-06-17,69,-2.31,0.3229,0.3327,0.3229,0,NA,-1.84,0.009799999999999975,4,Fresh - Wet paper towel,-2.23,0.08000000000000007
2025-06-17,69,-2.64,0.317,0.3327,0.317,0,NA,-1.84,0.015699999999999992,4,Fresh - Wet paper towel,-2.31,0.33000000000000007
2025-06-17,69,-2.75,0.3144,0.3327,0.3144,0,NA,-1.84,0.018299999999999983,4,Fresh - Wet paper towel,-2.64,0.10999999999999988
2025-06-17,69,-2.9,0.3099,0.3327,0.3099,0,NA,-1.84,0.022799999999999987,4,Fresh - Wet paper towel,-2.75,0.1499999999999999
2025-06-17,69,-3.33,0.3048,0.3327,0.3048,0,NA,-1.84,0.02789999999999998,4,Fresh - Wet paper towel,-2.9,0.43000000000000016
2025-06-17,69,-3.39,0.299,0.3327,0.299,0,NA,-1.84,0.03370000000000001,4,Fresh - Wet paper towel,-3.33,0.06000000000000005
2025-06-17,69,-3.85,0.2911,0.3327,0.2911,0,NA,-1.84,0.04159999999999997,4,Fresh - Wet paper towel,-3.39,0.45999999999999996
2025-06-17,69,-4.38,0.2857,0.3327,0.2857,0,NA,-1.84,0.046999999999999986,4,Fresh - Wet paper towel,-3.85,0.5299999999999998
2025-06-17,69,-4.56,0.2781,0.3327,0.2781,0,NA,-1.84,0.05459999999999998,4,Fresh - Wet paper towel,-4.38,0.17999999999999972
2025-06-17,69,-4.84,0.2745,0.3327,0.2745,0,NA,-1.84,0.058199999999999974,4,Fresh - Wet paper towel,-4.56,0.28000000000000025
2025-06-24,101,-0.8,0.2766,0.2766,0.2766,0,NA,-0.8,0,5,Rehydrated,NA,NA
2025-06-24,101,-1.07,0.2747,0.2766,0.2747,0,NA,-0.8,0.0019000000000000128,5,Rehydrated,-0.8,0.27
2025-06-24,101,-1.14,0.2739,0.2766,0.2739,0,NA,-0.8,0.0027000000000000357,5,Rehydrated,-1.07,0.06999999999999984
2025-06-24,101,-1.47,0.2721,0.2766,0.2721,0,NA,-0.8,0.004500000000000004,5,Rehydrated,-1.14,0.33000000000000007
2025-06-24,101,-2.08,0.2678,0.2766,0.2678,0,NA,-0.8,0.00880000000000003,5,Rehydrated,-1.47,0.6100000000000001
2025-06-24,101,-2.37,0.2664,0.2766,0.2664,0,NA,-0.8,0.010199999999999987,5,Rehydrated,-2.08,0.29000000000000004
2025-06-24,101,-2.72,0.2615,0.2766,0.2615,0,NA,-0.8,0.015100000000000002,5,Rehydrated,-2.37,0.3500000000000001
2025-06-24,101,-2.87,0.2592,0.2766,0.2592,0,NA,-0.8,0.017400000000000027,5,Rehydrated,-2.72,0.1499999999999999
2025-06-24,101,-3.1,0.2533,0.2766,0.2533,0,NA,-0.8,0.023299999999999987,5,Rehydrated,-2.87,0.22999999999999998
2025-06-24,101,-3.25,0.2447,0.2766,0.2447,0,NA,-0.8,0.03190000000000001,5,Rehydrated,-3.1,0.1499999999999999
2025-06-24,101,-3.61,0.2384,0.2766,0.2384,0,NA,-0.8,0.03820000000000001,5,Rehydrated,-3.25,0.3599999999999999
2025-06-24,101,-3.79,0.2309,0.2766,0.2309,0,NA,-0.8,0.04570000000000002,5,Rehydrated,-3.61,0.18000000000000016
2025-06-24,101,-4.15,0.2193,0.2766,0.2193,0,NA,-0.8,0.05730000000000002,5,Rehydrated,-3.79,0.3600000000000003
2025-06-24,51,-1.1,0.4297,0.4297,0.4297,0,NA,-1.1,0,5,Rehydrated,NA,NA
2025-06-24,51,-1.17,0.4289,0.4297,0.4289,0,NA,-1.1,8.000000000000229e-4,5,Rehydrated,-1.1,0.06999999999999984
2025-06-24,51,-1.26,0.426,0.4297,0.426,0,NA,-1.1,0.0037000000000000366,5,Rehydrated,-1.17,0.09000000000000008
2025-06-24,51,-1.4,0.4244,0.4297,0.4244,0,NA,-1.1,0.005300000000000027,5,Rehydrated,-1.26,0.1399999999999999
2025-06-24,51,-1.71,0.4226,0.4297,0.4226,0,NA,-1.1,0.007100000000000051,5,Rehydrated,-1.4,0.31000000000000005
2025-06-24,51,-2.1,0.4177,0.4297,0.4177,0,NA,-1.1,0.01200000000000001,5,Rehydrated,-1.71,0.3900000000000001
2025-06-24,51,-2.54,0.4146,0.4297,0.4146,0,NA,-1.1,0.015100000000000002,5,Rehydrated,-2.1,0.43999999999999995
2025-06-24,51,-2.91,0.408,0.4297,0.408,0,NA,-1.1,0.021700000000000053,5,Rehydrated,-2.54,0.3700000000000001
2025-06-24,51,-2.99,0.4039,0.4297,0.4039,0,NA,-1.1,0.025800000000000045,5,Rehydrated,-2.91,0.08000000000000007
2025-06-24,51,-3.24,0.3927,0.4297,0.3927,0,NA,-1.1,0.03700000000000003,5,Rehydrated,-2.99,0.25
2025-06-24,51,-3.46,0.3831,0.4297,0.3831,0,NA,-1.1,0.04660000000000003,5,Rehydrated,-3.24,0.21999999999999975
2025-06-24,51,-3.75,0.3698,0.4297,0.3698,0,NA,-1.1,0.05990000000000001,5,Rehydrated,-3.46,0.29000000000000004
2025-06-24,51,-4.03,0.3611,0.4297,0.3611,0,NA,-1.1,0.06860000000000005,5,Rehydrated,-3.75,0.28000000000000025
2025-06-24,56,-2.3,0.5021,0.5027,0.5021,0,NA,-2.17,6.000000000000449e-4,5,Fresh,NA,NA
2025-06-24,56,-2.4,0.4926,0.5027,0.4926,0,NA,-2.17,0.010100000000000053,5,Fresh,-2.3,0.10000000000000009
2025-06-24,56,-2.73,0.4871,0.5027,0.4871,0,NA,-2.17,0.015600000000000058,5,Fresh,-2.4,0.33000000000000007
2025-06-24,56,-2.84,0.4835,0.5027,0.4835,0,NA,-2.17,0.01920000000000005,5,Fresh,-2.73,0.10999999999999988
2025-06-24,56,-2.92,0.4754,0.5027,0.4754,0,NA,-2.17,0.027300000000000046,5,Fresh,-2.84,0.08000000000000007
2025-06-24,56,-3.04,0.4691,0.5027,0.4691,0,NA,-2.17,0.03360000000000002,5,Fresh,-2.92,0.1200000000000001
2025-06-24,56,-3.53,0.4544,0.5027,0.4544,0,NA,-2.17,0.04830000000000001,5,Fresh,-3.04,0.48999999999999977
2025-06-24,56,-3.77,0.4455,0.5027,0.4455,0,NA,-2.17,0.05720000000000003,5,Fresh,-3.53,0.2400000000000002
2025-06-24,56,-4.04,0.4305,0.5027,0.4305,0,NA,-2.17,0.07220000000000004,5,Fresh,-3.77,0.27
2025-06-24,56,-4.2,0.419,0.5027,0.419,0,NA,-2.17,0.08370000000000005,5,Fresh,-4.04,0.16000000000000014
2025-06-24,86,-1.25,0.5146,0.5146,0.5146,0,NA,-1.2,0,5,Fresh,NA,NA
2025-06-24,86,-1.3,0.5088,0.5146,0.5088,0,NA,-1.2,0.005799999999999916,5,Fresh,-1.25,0.050000000000000044
2025-06-24,86,-1.4,0.5064,0.5146,0.5064,0,NA,-1.2,0.008199999999999985,5,Fresh,-1.3,0.09999999999999987
2025-06-24,86,-1.95,0.4972,0.5146,0.4972,0,NA,-1.2,0.01739999999999997,5,Fresh,-1.4,0.55
2025-06-24,86,-2.21,0.4867,0.5146,0.4867,0,NA,-1.2,0.027899999999999925,5,Fresh,-1.95,0.26
2025-06-24,86,-2.38,0.4813,0.5146,0.4813,0,NA,-1.2,0.03329999999999994,5,Fresh,-2.21,0.16999999999999993
2025-06-24,86,-2.51,0.4752,0.5146,0.4752,0,NA,-1.2,0.039399999999999935,5,Fresh,-2.38,0.1299999999999999
2025-06-24,86,-2.64,0.4701,0.5146,0.4701,0,NA,-1.2,0.04449999999999993,5,Fresh,-2.51,0.13000000000000034
2025-06-24,86,-2.82,0.4609,0.5146,0.4609,0,NA,-1.2,0.05369999999999997,5,Fresh,-2.64,0.17999999999999972
2025-06-24,86,-2.96,0.4515,0.5146,0.4515,0,NA,-1.2,0.06309999999999993,5,Fresh,-2.82,0.14000000000000012
2025-06-24,86,-3.38,0.4366,0.5146,0.4366,0,NA,-1.2,0.07799999999999996,5,Fresh,-2.96,0.41999999999999993
2025-06-24,86,-3.5,0.4243,0.5146,0.4243,0,NA,-1.2,0.09029999999999994,5,Fresh,-3.38,0.1200000000000001
2025-06-24,86,-3.98,0.4009,0.5146,0.4009,0,NA,-1.2,0.11369999999999997,5,Fresh,-3.5,0.48
2025-06-24,86,-4.34,0.3865,0.5146,0.3865,0,NA,-1.2,0.12809999999999994,5,Fresh,-3.98,0.3599999999999999
2025-06-24,90,-1.35,0.6111,0.6111,0.6111,0,NA,-1.35,0,5,Rehydrated,NA,NA
2025-06-24,90,-1.75,0.599,0.6111,0.599,0,NA,-1.35,0.0121,5,Rehydrated,-1.35,0.3999999999999999
2025-06-24,90,-2.05,0.5899,0.6111,0.5899,0,NA,-1.35,0.021199999999999997,5,Rehydrated,-1.75,0.2999999999999998
2025-06-24,90,-2.29,0.5838,0.6111,0.5938,0,NA,-1.35,0.02729999999999999,5,Rehydrated,-2.05,0.2400000000000002
2025-06-24,90,-2.46,0.5746,0.6111,0.5746,0,NA,-1.35,0.03649999999999998,5,Rehydrated,-2.29,0.16999999999999993
2025-06-24,90,-2.6,0.5679,0.6111,0.5679,0,NA,-1.35,0.043200000000000016,5,Rehydrated,-2.46,0.14000000000000012
2025-06-24,90,-2.76,0.5559,0.6111,0.5559,0,NA,-1.35,0.05520000000000003,5,Rehydrated,-2.6,0.1599999999999997
2025-06-24,90,-2.84,0.5438,0.6111,0.5438,0,NA,-1.35,0.06730000000000003,5,Rehydrated,-2.76,0.08000000000000007
2025-06-24,90,-3.16,0.5263,0.6111,0.5263,0,NA,-1.35,0.08479999999999999,5,Rehydrated,-2.84,0.3200000000000003
2025-06-24,90,-3.42,0.5053,0.6111,0.5053,0,NA,-1.35,0.1058,5,Rehydrated,-3.16,0.2599999999999998
2025-06-24,90,-4.14,0.4679,0.6111,0.4679,0,NA,-1.35,0.1432,5,Rehydrated,-3.42,0.7199999999999998
2025-06-24,90,-4.51,0.4467,0.6111,0.4467,0,NA,-1.35,0.1644,5,Rehydrated,-4.14,0.3700000000000001
2025-06-24,91,-3.27,0.3646,0.3646,0.3646,0,NA,-3.16,0,5,Fresh,NA,NA
2025-06-24,91,-3.3,0.3463,0.3646,0.3463,0,NA,-3.16,0.018299999999999983,5,Fresh,-3.27,0.029999999999999805
2025-06-24,91,-3.5,0.3432,0.3646,0.3432,0,NA,-3.16,0.021399999999999975,5,Fresh,-3.3,0.20000000000000018
2025-06-24,91,-3.71,0.3384,0.3646,0.3384,0,NA,-3.16,0.0262,5,Fresh,-3.5,0.20999999999999996
2025-06-24,91,-3.78,0.3337,0.3646,0.3337,0,NA,-3.16,0.030899999999999983,5,Fresh,-3.71,0.06999999999999984
2025-06-24,91,-4.34,0.3212,0.3646,0.3212,0,NA,-3.16,0.043399999999999994,5,Fresh,-3.78,0.56
2025-06-24,91,-4.65,0.3154,0.3646,0.3154,0,NA,-3.16,0.049199999999999966,5,Fresh,-4.34,0.3100000000000005
2025-06-24,91,-4.99,0.3028,0.3646,0.3028,0,NA,-3.16,0.061799999999999966,5,Fresh,-4.65,0.33999999999999986
2025-07-01,122,-0.8,0.4213,0.4213,0.4213,0,NA,-0.8,0,6,Rehydrated,NA,NA
2025-07-01,122,-1.3,0.4195,0.4213,0.4195,0,NA,-0.8,0.0018000000000000238,6,Rehydrated,-0.8,0.5
2025-07-01,122,-1.45,0.4161,0.4213,0.4161,0,NA,-0.8,0.005199999999999982,6,Rehydrated,-1.3,0.1499999999999999
2025-07-01,122,-1.65,0.4109,0.4213,0.4109,0,NA,-0.8,0.01040000000000002,6,Rehydrated,-1.45,0.19999999999999996
2025-07-01,122,-2.05,0.4029,0.4213,0.4029,0,NA,-0.8,0.018400000000000027,6,Rehydrated,-1.65,0.3999999999999999
2025-07-01,122,-2.3,0.3951,0.4213,0.3951,0,NA,-0.8,0.0262,6,Rehydrated,-2.05,0.25
2025-07-01,122,-2.46,0.3857,0.4213,0.3857,0,NA,-0.8,0.03560000000000002,6,Rehydrated,-2.3,0.16000000000000014
2025-07-01,122,-2.55,0.3659,0.4213,0.3659,0,NA,-0.8,0.055400000000000005,6,Rehydrated,-2.46,0.08999999999999986
2025-07-01,122,-2.72,0.3585,0.4213,0.3585,0,NA,-0.8,0.06280000000000002,6,Rehydrated,-2.55,0.17000000000000037
2025-07-01,122,-3.16,0.3438,0.4213,0.3438,0,NA,-0.8,0.07750000000000001,6,Rehydrated,-2.72,0.43999999999999995
2025-07-01,122,-3.55,0.3228,0.4213,0.3228,0,NA,-0.8,0.09850000000000003,6,Rehydrated,-3.16,0.3899999999999997
2025-07-01,122,-3.77,0.3137,0.4213,0.3137,0,NA,-0.8,0.10760000000000003,6,Rehydrated,-3.55,0.2200000000000002
2025-07-01,16,-1.6,0.5211,0.5366,0.5211,0,NA,-1.48,0.015499999999999958,6,Fresh - Wet paper towel,NA,NA
2025-07-01,16,-2.09,0.5102,0.5366,0.5102,0,NA,-1.48,0.02639999999999998,6,Fresh - Wet paper towel,-1.6,0.48999999999999977
2025-07-01,16,-2.33,0.5026,0.5366,0.5026,0,NA,-1.48,0.03399999999999992,6,Fresh - Wet paper towel,-2.09,0.2400000000000002
2025-07-01,16,-2.6,0.4945,0.5366,0.4945,0,NA,-1.48,0.04209999999999997,6,Fresh - Wet paper towel,-2.33,0.27
2025-07-01,16,-2.88,0.4848,0.5366,0.4848,0,NA,-1.48,0.05179999999999996,6,Fresh - Wet paper towel,-2.6,0.2799999999999998
2025-07-01,16,-3.43,0.4711,0.5366,0.4711,0,NA,-1.48,0.06549999999999995,6,Fresh - Wet paper towel,-2.88,0.5500000000000003
2025-07-01,16,-3.81,0.4417,0.5366,0.4417,0,NA,-1.48,0.09489999999999998,6,Fresh - Wet paper towel,-3.43,0.3799999999999999
2025-07-01,16,-4.23,0.4286,0.5366,0.4286,0,NA,-1.48,0.10799999999999998,6,Fresh - Wet paper towel,-3.81,0.4200000000000004
2025-07-01,16,-5.1,0.4014,0.5366,0.4014,0,NA,-1.48,0.1352,6,Fresh - Wet paper towel,-4.23,0.8699999999999992
2025-07-01,39,-1.01,0.3561,0.3561,0.3561,0,NA,-1.01,0,6,Rehydrated,NA,NA
2025-07-01,39,-1.23,0.3532,0.3561,0.3532,0,NA,-1.01,0.0029000000000000137,6,Rehydrated,-1.01,0.21999999999999997
2025-07-01,39,-1.46,0.3505,0.3561,0.3505,0,NA,-1.01,0.005600000000000049,6,Rehydrated,-1.23,0.22999999999999998
2025-07-01,39,-1.59,0.3497,0.3561,0.3497,0,NA,-1.01,0.006400000000000017,6,Rehydrated,-1.46,0.13000000000000012
2025-07-01,39,-1.78,0.3479,0.3561,0.3479,0,NA,-1.01,0.00820000000000004,6,Rehydrated,-1.59,0.18999999999999995
2025-07-01,39,-2.17,0.3447,0.3561,0.3447,0,NA,-1.01,0.011400000000000021,6,Rehydrated,-1.78,0.3899999999999999
2025-07-01,39,-2.62,0.3388,0.3561,0.3388,0,NA,-1.01,0.017300000000000038,6,Rehydrated,-2.17,0.4500000000000002
2025-07-01,39,-2.83,0.3349,0.3561,0.3349,0,NA,-1.01,0.021200000000000052,6,Rehydrated,-2.62,0.20999999999999996
2025-07-01,39,-3.25,0.3207,0.3561,0.3207,0,NA,-1.01,0.03540000000000004,6,Rehydrated,-2.83,0.41999999999999993
2025-07-01,39,-3.6,0.3056,0.3561,0.3056,0,NA,-1.01,0.050500000000000045,6,Rehydrated,-3.25,0.3500000000000001
2025-07-01,39,-4.5,0.278,0.3561,0.278,0,NA,-1.01,0.0781,6,Rehydrated,-3.6,0.8999999999999999
2025-07-01,46,-2.34,0.2995,0.3174,0.2995,0,NA,-1.66,0.017900000000000027,6,Fresh - Wet paper towel,NA,NA
2025-07-01,46,-2.62,0.291,0.3174,0.291,0,NA,-1.66,0.026400000000000035,6,Fresh - Wet paper towel,-2.34,0.28000000000000025
2025-07-01,46,-2.88,0.2863,0.3174,0.2863,0,NA,-1.66,0.031100000000000017,6,Fresh - Wet paper towel,-2.62,0.2599999999999998
2025-07-01,46,-3.51,0.2788,0.3174,0.2788,0,NA,-1.66,0.03860000000000002,6,Fresh - Wet paper towel,-2.88,0.6299999999999999
2025-07-01,46,-3.72,0.2742,0.3174,0.2742,0,NA,-1.66,0.043200000000000016,6,Fresh - Wet paper towel,-3.51,0.2100000000000004
2025-07-01,46,-4.62,0.263,0.3174,0.263,0,NA,-1.66,0.054400000000000004,6,Fresh - Wet paper towel,-3.72,0.8999999999999999
2025-07-01,46,-5.35,0.2493,0.3174,0.2493,0,NA,-1.66,0.06810000000000002,6,Fresh - Wet paper towel,-4.62,0.7299999999999995
2025-07-01,46,-6.2,0.242,0.3174,0.242,0,NA,-1.66,0.07540000000000002,6,Fresh - Wet paper towel,-5.35,0.8500000000000005
2025-07-01,46,-8.25,0.2255,0.3174,0.2255,0,NA,-1.66,0.09190000000000001,6,Fresh - Wet paper towel,-6.2,2.05
2025-07-01,5,-2.15,0.6844,0.707,0.6844,0,NA,-1.85,0.022599999999999953,6,Fresh - Wet paper towel,NA,NA
2025-07-01,5,-2.35,0.6656,0.707,0.6656,0,NA,-1.85,0.04139999999999999,6,Fresh - Wet paper towel,-2.15,0.20000000000000018
2025-07-01,5,-2.43,0.6314,0.707,0.6314,0,NA,-1.85,0.0756,6,Fresh - Wet paper towel,-2.35,0.08000000000000007
2025-07-01,5,-2.89,0.6204,0.707,0.6204,0,NA,-1.85,0.08660000000000001,6,Fresh - Wet paper towel,-2.43,0.45999999999999996
2025-07-01,5,-2.99,0.6085,0.707,0.6085,0,NA,-1.85,0.09849999999999992,6,Fresh - Wet paper towel,-2.89,0.10000000000000009
2025-07-01,5,-4.18,0.5907,0.707,0.5907,0,"piece probably fell off, was included",-1.85,0.11629999999999996,6,Fresh - Wet paper towel,-2.99,1.1899999999999995
2025-07-01,5,-4.82,0.562,0.707,0.562,0,NA,-1.85,0.1449999999999999,6,Fresh - Wet paper towel,-4.18,0.6400000000000006
2025-07-01,5,-5.38,0.5501,0.707,0.5501,0,NA,-1.85,0.15689999999999993,6,Fresh - Wet paper towel,-4.82,0.5599999999999996
2025-07-01,5,-6.59,0.5246,0.707,0.5246,0,NA,-1.85,0.1824,6,Fresh - Wet paper towel,-5.38,1.21
2025-07-01,69,-0.6,0.2288,0.2288,0.2288,0,NA,-0.6,0,6,Rehydrated,NA,NA
2025-07-01,69,-0.72,0.2282,0.2288,0.2282,0,NA,-0.6,6.000000000000172e-4,6,Rehydrated,-0.6,0.12
2025-07-01,69,-0.9,0.2243,0.2288,0.2243,0,NA,-0.6,0.004500000000000004,6,Rehydrated,-0.72,0.18000000000000005
2025-07-01,69,-1.03,0.2226,0.2288,0.2226,0,NA,-0.6,0.006200000000000011,6,Rehydrated,-0.9,0.13
2025-07-01,69,-1.15,0.2207,0.2288,0.2207,0,NA,-0.6,0.008099999999999996,6,Rehydrated,-1.03,0.11999999999999988
2025-07-01,69,-1.34,0.2119,0.2288,0.2119,0,NA,-0.6,0.0169,6,Rehydrated,-1.15,0.19000000000000017
2025-07-01,69,-1.7,0.2095,0.2288,0.2095,0,NA,-0.6,0.01930000000000001,6,Rehydrated,-1.34,0.3599999999999999
2025-07-01,69,-2.03,0.2066,0.2288,0.2066,0,NA,-0.6,0.022199999999999998,6,Rehydrated,-1.7,0.32999999999999985
2025-07-01,69,-2.42,0.2026,0.2288,0.2026,0,NA,-0.6,0.0262,6,Rehydrated,-2.03,0.3900000000000001
2025-07-01,69,-2.7,0.1977,0.2288,0.1977,0,NA,-0.6,0.031100000000000017,6,Rehydrated,-2.42,0.28000000000000025
2025-07-01,69,-3.4,0.1869,0.2288,0.1869,0,NA,-0.6,0.04189999999999999,6,Rehydrated,-2.7,0.6999999999999997
2025-07-01,69,-3.62,0.1743,0.2288,0.1743,0,NA,-0.6,0.05449999999999999,6,Rehydrated,-3.4,0.2200000000000002
2025-07-01,69,-5.02,0.1504,0.2288,0.1504,0,NA,-0.6,0.0784,6,Rehydrated,-3.62,1.3999999999999995
2025-07-08,101,-2.68,0.3659,0.3706,0.3659,0,NA,-2.62,0.004699999999999982,7,Fresh,NA,NA
2025-07-08,101,-2.88,0.3631,0.3706,0.3631,0,NA,-2.62,0.007500000000000007,7,Fresh,-2.68,0.19999999999999973
2025-07-08,101,-3.17,0.3588,0.3706,0.3588,0,NA,-2.62,0.011799999999999977,7,Fresh,-2.88,0.29000000000000004
2025-07-08,101,-3.33,0.3523,0.3706,0.3523,0,NA,-2.62,0.018299999999999983,7,Fresh,-3.17,0.16000000000000014
2025-07-08,101,-3.69,0.3457,0.3706,0.3457,0,NA,-2.62,0.024899999999999978,7,Fresh,-3.33,0.3599999999999999
2025-07-08,101,-4.36,0.3336,0.3706,0.3336,0,NA,-2.62,0.03699999999999998,7,Fresh,-3.69,0.6700000000000004
2025-07-08,101,-4.76,0.3253,0.3706,0.3253,0,NA,-2.62,0.04530000000000001,7,Fresh,-4.36,0.39999999999999947
2025-07-08,101,-6.17,0.2982,0.3706,0.2982,0,NA,-2.62,0.07239999999999996,7,Fresh,-4.76,1.4100000000000001
2025-07-08,51,-2.99,0.4358,0.4557,0.4358,0,NA,-2.78,0.019899999999999973,7,Fresh,NA,NA
2025-07-08,51,-3.12,0.4325,0.4557,0.4325,0,NA,-2.78,0.0232,7,Fresh,-2.99,0.1299999999999999
2025-07-08,51,-3.26,0.4298,0.4557,0.4298,0,NA,-2.78,0.02589999999999998,7,Fresh,-3.12,0.13999999999999968
2025-07-08,51,-3.37,0.4265,0.4557,0.4265,0,NA,-2.78,0.029200000000000004,7,Fresh,-3.26,0.11000000000000032
2025-07-08,51,-3.91,0.4179,0.4557,0.4179,0,NA,-2.78,0.0378,7,Fresh,-3.37,0.54
2025-07-08,51,-4.46,0.4051,0.4557,0.4051,0,NA,-2.78,0.05059999999999998,7,Fresh,-3.91,0.5499999999999998
2025-07-08,51,-4.74,0.3951,0.4557,0.3951,0,NA,-2.78,0.06059999999999999,7,Fresh,-4.46,0.28000000000000025
2025-07-08,51,-6.11,0.364,0.4557,0.364,0,NA,-2.78,0.0917,7,Fresh,-4.74,1.37
2025-07-08,56,-0.9,0.411,0.411,0.411,0,"pv(""86"", plotonly = TRUE)",-0.9,0,7,Rehydrated,NA,NA
2025-07-08,56,-1.2,0.4092,0.411,0.4092,0,NA,-0.9,0.0017999999999999683,7,Rehydrated,-0.9,0.29999999999999993
2025-07-08,56,-1.36,0.4076,0.411,0.4076,0,NA,-0.9,0.0033999999999999586,7,Rehydrated,-1.2,0.16000000000000014
2025-07-08,56,-1.55,0.402,0.411,0.402,0,NA,-0.9,0.008999999999999952,7,Rehydrated,-1.36,0.18999999999999995
2025-07-08,56,-1.83,0.3992,0.411,0.3992,0,NA,-0.9,0.011799999999999977,7,Rehydrated,-1.55,0.28
2025-07-08,56,-2.53,0.3924,0.411,0.3924,0,NA,-0.9,0.01859999999999995,7,Rehydrated,-1.83,0.6999999999999997
2025-07-08,56,-2.65,0.3878,0.411,0.3878,0,NA,-0.9,0.0232,7,Rehydrated,-2.53,0.1200000000000001
2025-07-08,56,-2.8,0.3807,0.411,0.3807,0,NA,-0.9,0.030299999999999994,7,Rehydrated,-2.65,0.1499999999999999
2025-07-08,56,-3.13,0.3661,0.411,0.3661,0,NA,-0.9,0.044899999999999995,7,Rehydrated,-2.8,0.33000000000000007
2025-07-08,56,-3.41,0.3566,0.411,0.3566,0,NA,-0.9,0.054400000000000004,7,Rehydrated,-3.13,0.28000000000000025
2025-07-08,56,-3.65,0.3486,0.411,0.3486,0,NA,-0.9,0.062399999999999956,7,Rehydrated,-3.41,0.23999999999999977
2025-07-08,56,-5.07,0.3132,0.411,0.3132,0,NA,-0.9,0.0978,7,Rehydrated,-3.65,1.4200000000000004
2025-07-08,86,-1.25,0.6365,0.6365,0.6365,0,NA,-1.25,0,7,Rehydrated,NA,NA
2025-07-08,86,-1.4,0.6346,0.6365,0.6346,0,NA,-1.25,0.0018999999999999018,7,Rehydrated,-1.25,0.1499999999999999
2025-07-08,86,-1.6,0.6302,0.6365,0.6302,0,NA,-1.25,0.006299999999999972,7,Rehydrated,-1.4,0.20000000000000018
2025-07-08,86,-1.7,0.626,0.6365,0.626,0,NA,-1.25,0.010499999999999954,7,Rehydrated,-1.6,0.09999999999999987
2025-07-08,86,-1.95,0.6208,0.6365,0.6208,0,NA,-1.25,0.015699999999999936,7,Rehydrated,-1.7,0.25
2025-07-08,86,-2.28,0.6129,0.6365,0.6129,0,NA,-1.25,0.023599999999999954,7,Rehydrated,-1.95,0.32999999999999985
2025-07-08,86,-2.35,0.6042,0.6365,0.6042,0,NA,-1.25,0.032299999999999995,7,Rehydrated,-2.28,0.07000000000000028
2025-07-08,86,-2.49,0.5951,0.6365,0.5951,0,NA,-1.25,0.04139999999999999,7,Rehydrated,-2.35,0.14000000000000012
2025-07-08,86,-2.73,0.581,0.6365,0.581,0,NA,-1.25,0.055499999999999994,7,Rehydrated,-2.49,0.23999999999999977
2025-07-08,86,-2.96,0.5557,0.6365,0.5557,0,NA,-1.25,0.08079999999999998,7,Rehydrated,-2.73,0.22999999999999998
2025-07-08,86,-3.22,0.5286,0.6365,0.5286,0,NA,-1.25,0.1079,7,Rehydrated,-2.96,0.26000000000000023
2025-07-08,86,-3.47,0.5129,0.6365,0.5129,0,NA,-1.25,0.12359999999999993,7,Rehydrated,-3.22,0.25
2025-07-08,86,-4.76,0.4653,0.6365,0.4653,0,NA,-1.25,0.17119999999999996,7,Rehydrated,-3.47,1.2899999999999996
2025-07-08,90,-1.8,0.3522,0.368,0.3522,0,NA,-1.6,0.01579999999999998,7,Fresh,NA,NA
2025-07-08,90,-2.2,0.3477,0.368,0.3477,0,NA,-1.6,0.020299999999999985,7,Fresh,-1.8,0.40000000000000013
2025-07-08,90,-2.4,0.3445,0.368,0.3445,0,NA,-1.6,0.02350000000000002,7,Fresh,-2.2,0.19999999999999973
2025-07-08,90,-2.71,0.3366,0.368,0.3366,0,NA,-1.6,0.031399999999999983,7,Fresh,-2.4,0.31000000000000005
2025-07-08,90,-2.93,0.332,0.368,0.332,0,NA,-1.6,0.035999999999999976,7,Fresh,-2.71,0.2200000000000002
2025-07-08,90,-3.18,0.3284,0.368,0.3284,0,NA,-1.6,0.03959999999999997,7,Fresh,-2.93,0.25
2025-07-08,90,-3.5,0.3225,0.368,0.3225,0,NA,-1.6,0.045499999999999985,7,Fresh,-3.18,0.31999999999999984
2025-07-08,90,-4.19,0.3112,0.368,0.3112,0,NA,-1.6,0.05680000000000002,7,Fresh,-3.5,0.6900000000000004
2025-07-08,90,-4.45,0.3028,0.368,0.3028,0,NA,-1.6,0.06519999999999998,7,Fresh,-4.19,0.2599999999999998
2025-07-08,90,-6.25,0.2721,0.368,0.2721,0,NA,-1.6,0.09589999999999999,7,Fresh,-4.45,1.7999999999999998
2025-07-08,91,-1.16,0.3411,0.3411,0.3411,0,NA,-1.16,0,7,Rehydrated,NA,NA
2025-07-08,91,-1.3,0.3392,0.3411,0.3392,0,NA,-1.16,0.0019000000000000128,7,Rehydrated,-1.16,0.14000000000000012
2025-07-08,91,-1.56,0.3371,0.3411,0.3371,0,NA,-1.16,0.0040000000000000036,7,Rehydrated,-1.3,0.26
2025-07-08,91,-1.76,0.3364,0.3411,0.3364,0,NA,-1.16,0.0047000000000000375,7,Rehydrated,-1.56,0.19999999999999996
2025-07-08,91,-2.04,0.3328,0.3411,0.3328,0,NA,-1.16,0.00830000000000003,7,Rehydrated,-1.76,0.28
2025-07-08,91,-2.52,0.3277,0.3411,0.3277,0,NA,-1.16,0.013400000000000023,7,Rehydrated,-2.04,0.48
2025-07-08,91,-2.86,0.3235,0.3411,0.3235,0,NA,-1.16,0.017600000000000005,7,Rehydrated,-2.52,0.33999999999999986
2025-07-08,91,-2.99,0.3181,0.3411,0.3181,0,NA,-1.16,0.02300000000000002,7,Rehydrated,-2.86,0.13000000000000034
2025-07-08,91,-3.16,0.3131,0.3411,0.3131,0,NA,-1.16,0.028000000000000025,7,Rehydrated,-2.99,0.16999999999999993
2025-07-08,91,-3.24,0.3063,0.3411,0.3063,0,NA,-1.16,0.0348,7,Rehydrated,-3.16,0.08000000000000007
2025-07-08,91,-3.47,0.2923,0.3411,0.2923,0,NA,-1.16,0.04880000000000001,7,Rehydrated,-3.24,0.22999999999999998
2025-07-08,91,-3.85,0.281,0.3411,0.281,0,NA,-1.16,0.06009999999999999,7,Rehydrated,-3.47,0.3799999999999999
2025-07-08,91,-4.08,0.2735,0.3411,0.2735,0,NA,-1.16,0.0676,7,Rehydrated,-3.85,0.22999999999999998
2025-07-08,91,-5.79,0.2496,0.3411,0.2496,0,NA,-1.16,0.09150000000000003,7,Rehydrated,-4.08,1.71
2025-07-15,122,-1.49,0.5625,0.573,0.5625,0,NA,-1.38,0.010499999999999954,8,Fresh,NA,NA
2025-07-15,122,-1.82,0.5545,0.573,0.5545,0,NA,-1.38,0.01849999999999996,8,Fresh,-1.49,0.33000000000000007
2025-07-15,122,-2.8,0.5438,0.573,0.5438,0,NA,-1.38,0.029200000000000004,8,Fresh,-1.82,0.9799999999999998
2025-07-15,122,-2.91,0.5356,0.573,0.5356,0,NA,-1.38,0.03739999999999999,8,Fresh,-2.8,0.11000000000000032
2025-07-15,122,-3.03,0.5316,0.573,0.5316,0,NA,-1.38,0.04139999999999999,8,Fresh,-2.91,0.11999999999999966
2025-07-15,122,-3.14,0.5229,0.573,0.5229,0,NA,-1.38,0.05009999999999992,8,Fresh,-3.03,0.11000000000000032
2025-07-15,122,-3.51,0.5114,0.573,0.5114,0,NA,-1.38,0.06159999999999999,8,Fresh,-3.14,0.36999999999999966
2025-07-15,122,-3.77,0.4964,0.573,0.4964,0,NA,-1.38,0.07659999999999995,8,Fresh,-3.51,0.26000000000000023
2025-07-15,122,-4.02,0.4855,0.573,0.4855,0,NA,-1.38,0.08749999999999997,8,Fresh,-3.77,0.24999999999999956
2025-07-15,16,-1.27,0.2796,0.2796,0.2796,0,NA,-1.27,0,8,Rehydrated,NA,NA
2025-07-15,16,-1.64,0.277,0.2796,0.277,0,NA,-1.27,0.002599999999999991,8,Rehydrated,-1.27,0.3699999999999999
2025-07-15,16,-1.85,0.2742,0.2796,0.2742,0,NA,-1.27,0.005400000000000016,8,Rehydrated,-1.64,0.2100000000000002
2025-07-15,16,-2.38,0.2662,0.2796,0.2662,0,NA,-1.27,0.013400000000000023,8,Rehydrated,-1.85,0.5299999999999998
2025-07-15,16,-2.75,0.2591,0.2796,0.2591,0,NA,-1.27,0.020500000000000018,8,Rehydrated,-2.38,0.3700000000000001
2025-07-15,16,-2.89,0.2509,0.2796,0.2509,0,NA,-1.27,0.028700000000000003,8,Rehydrated,-2.75,0.14000000000000012
2025-07-15,16,-3.17,0.2404,0.2796,0.2404,0,NA,-1.27,0.03920000000000001,8,Rehydrated,-2.89,0.2799999999999998
2025-07-15,16,-3.33,0.2352,0.2796,0.2352,0,NA,-1.27,0.04440000000000002,8,Rehydrated,-3.17,0.16000000000000014
2025-07-15,16,-3.54,0.2279,0.2796,0.2279,0,NA,-1.27,0.051700000000000024,8,Rehydrated,-3.33,0.20999999999999996
2025-07-15,39,-2.83,0.3659,0.377,0.3659,0,NA,-2.7,0.011099999999999999,8,Fresh,NA,NA
2025-07-15,39,-3.06,0.3578,0.377,0.3578,0,NA,-2.7,0.019199999999999995,8,Fresh,-2.83,0.22999999999999998
2025-07-15,39,-3.43,0.3534,0.377,0.3534,0,NA,-2.7,0.02360000000000001,8,Fresh,-3.06,0.3700000000000001
2025-07-15,39,-3.67,0.3496,0.377,0.3496,0,NA,-2.7,0.02739999999999998,8,Fresh,-3.43,0.23999999999999977
2025-07-15,39,-4,0.3454,0.377,0.3454,0,NA,-2.7,0.03160000000000002,8,Fresh,-3.67,0.33000000000000007
2025-07-15,39,-4.38,0.336,0.377,0.336,0,NA,-2.7,0.04099999999999998,8,Fresh,-4,0.3799999999999999
2025-07-15,39,-4.64,0.33,0.377,0.33,0,NA,-2.7,0.046999999999999986,8,Fresh,-4.38,0.2599999999999998
2025-07-15,39,-4.91,0.3243,0.377,0.3243,0,NA,-2.7,0.052700000000000025,8,Fresh,-4.64,0.27000000000000046
2025-07-15,39,-5.08,0.312,0.377,0.312,0,NA,-2.7,0.065,8,Fresh,-4.91,0.16999999999999993
2025-07-15,39,-5.5,0.3037,0.377,0.3037,0,NA,-2.7,0.07329999999999998,8,Fresh,-5.08,0.41999999999999993
2025-07-15,46,-1.14,0.2631,0.2631,0.2631,0,NA,-1.14,0,8,Rehydrated,NA,NA
2025-07-15,46,-1.47,0.2611,0.2631,0.2611,0,NA,-1.14,0.0020000000000000018,8,Rehydrated,-1.14,0.33000000000000007
2025-07-15,46,-1.66,0.2589,0.2631,0.2589,0,NA,-1.14,0.0041999999999999815,8,Rehydrated,-1.47,0.18999999999999995
2025-07-15,46,-2.05,0.2551,0.2631,0.2551,0,NA,-1.14,0.008000000000000007,8,Rehydrated,-1.66,0.3899999999999999
2025-07-15,46,-2.41,0.2505,0.2631,0.2505,0,NA,-1.14,0.0126,8,Rehydrated,-2.05,0.3600000000000003
2025-07-15,46,-2.62,0.2455,0.2631,0.2455,0,NA,-1.14,0.017600000000000005,8,Rehydrated,-2.41,0.20999999999999996
2025-07-15,46,-2.71,0.2419,0.2631,0.2419,0,NA,-1.14,0.021199999999999997,8,Rehydrated,-2.62,0.08999999999999986
2025-07-15,46,-2.85,0.2385,0.2631,0.2385,0,NA,-1.14,0.02460000000000001,8,Rehydrated,-2.71,0.14000000000000012
2025-07-15,46,-3.23,0.2257,0.2631,0.2257,0,NA,-1.14,0.03739999999999999,8,Rehydrated,-2.85,0.3799999999999999
2025-07-15,46,-3.39,0.2205,0.2631,0.2205,0,NA,-1.14,0.0426,8,Rehydrated,-3.23,0.16000000000000014
2025-07-15,46,-3.56,0.2154,0.2631,0.2154,0,NA,-1.14,0.04769999999999999,8,Rehydrated,-3.39,0.16999999999999993
2025-07-15,5,-0.93,0.3193,0.3193,0.3193,0,NA,-0.93,0,8,Rehydrated,NA,NA
2025-07-15,5,-1.28,0.3166,0.3193,0.3166,0,NA,-0.93,0.00269999999999998,8,Rehydrated,-0.93,0.35
2025-07-15,5,-2.18,0.3128,0.3193,0.3128,0,NA,-0.93,0.00649999999999995,8,Rehydrated,-1.28,0.9000000000000001
2025-07-15,5,-2.4,0.3098,0.3193,0.3098,0,NA,-0.93,0.009499999999999953,8,Rehydrated,-2.18,0.21999999999999975
2025-07-15,5,-2.65,0.3048,0.3193,0.3048,0,NA,-0.93,0.014499999999999957,8,Rehydrated,-2.4,0.25
2025-07-15,5,-3.15,0.297,0.3193,0.297,0,NA,-0.93,0.022299999999999986,8,Rehydrated,-2.65,0.5
2025-07-15,5,-3.32,0.2922,0.3193,0.2922,0,NA,-0.93,0.027099999999999957,8,Rehydrated,-3.15,0.16999999999999993
2025-07-15,5,-3.62,0.2818,0.3193,0.2818,0,NA,-0.93,0.03749999999999998,8,Rehydrated,-3.32,0.30000000000000027
2025-07-15,5,-3.84,0.2741,0.3193,0.2741,0,NA,-0.93,0.04519999999999996,8,Rehydrated,-3.62,0.21999999999999975
2025-07-15,5,-4.03,0.2673,0.3193,0.2673,0,NA,-0.93,0.05199999999999999,8,Rehydrated,-3.84,0.1900000000000004
2025-07-15,5,-4.42,0.2578,0.3193,0.2578,0,NA,-0.93,0.0615,8,Rehydrated,-4.03,0.3899999999999997
2025-07-22,101,-0.8,0.2774,0.2774,0.2774,0,NA,-0.8,0,9,Fresh,NA,NA
2025-07-22,101,-0.95,0.2751,0.2774,0.2751,0,NA,-0.8,0.0022999999999999687,9,Fresh,-0.8,0.1499999999999999
2025-07-22,101,-1.2,0.2725,0.2774,0.2725,0,NA,-0.8,0.00489999999999996,9,Fresh,-0.95,0.25
2025-07-22,101,-1.4,0.2693,0.2774,0.2693,0,NA,-0.8,0.008099999999999996,9,Fresh,-1.2,0.19999999999999996
2025-07-22,101,-1.87,0.2645,0.2774,0.2645,0,NA,-0.8,0.012899999999999967,9,Fresh,-1.4,0.4700000000000002
2025-07-22,101,-2.1,0.2604,0.2774,0.2604,0,NA,-0.8,0.01699999999999996,9,Fresh,-1.87,0.22999999999999998
2025-07-22,101,-2.4,0.2532,0.2774,0.2532,0,NA,-0.8,0.0242,9,Fresh,-2.1,0.2999999999999998
2025-07-22,101,-2.7,0.2486,0.2774,0.2486,0,NA,-0.8,0.028799999999999992,9,Fresh,-2.4,0.30000000000000027
2025-07-22,101,-2.93,0.2382,0.2774,0.2382,0,NA,-0.8,0.039199999999999985,9,Fresh,-2.7,0.22999999999999998
2025-07-22,101,-3.39,0.2311,0.2774,0.2311,0,NA,-0.8,0.04629999999999998,9,Fresh,-2.93,0.45999999999999996
2025-07-22,101,-4.33,0.2166,0.2774,0.2166,0,NA,-0.8,0.06079999999999999,9,Fresh,-3.39,0.94
2025-07-22,101,-4.84,0.2094,0.2774,0.2094,0,NA,-0.8,0.06799999999999998,9,Fresh,-4.33,0.5099999999999998
2025-07-22,51,-1.1,0.3144,0.3144,0.3144,0,NA,-1.1,0,9,Fresh,NA,NA
2025-07-22,51,-1.3,0.3133,0.3144,0.3133,0,NA,-1.1,0.0010999999999999899,9,Fresh,-1.1,0.19999999999999996
2025-07-22,51,-1.55,0.3115,0.3144,0.3115,0,NA,-1.1,0.0029000000000000137,9,Fresh,-1.3,0.25
2025-07-22,51,-1.85,0.308,0.3144,0.308,0,NA,-1.1,0.006400000000000017,9,Fresh,-1.55,0.30000000000000004
2025-07-22,51,-2.1,0.3045,0.3144,0.3045,0,NA,-1.1,0.00990000000000002,9,Fresh,-1.85,0.25
2025-07-22,51,-2.8,0.2967,0.3144,0.2967,0,NA,-1.1,0.017699999999999994,9,Fresh,-2.1,0.6999999999999997
2025-07-22,51,-3,0.2915,0.3144,0.2915,0,NA,-1.1,0.02290000000000003,9,Fresh,-2.8,0.20000000000000018
2025-07-22,51,-3.11,0.2813,0.3144,0.2813,0,NA,-1.1,0.03310000000000002,9,Fresh,-3,0.10999999999999988
2025-07-22,51,-3.45,0.2727,0.3144,0.2727,0,NA,-1.1,0.041700000000000015,9,Fresh,-3.11,0.3400000000000003
2025-07-22,51,-3.84,0.2604,0.3144,0.2604,0,NA,-1.1,0.05399999999999999,9,Fresh,-3.45,0.3899999999999997
2025-07-22,51,-4.14,0.253,0.3144,0.253,0,NA,-1.1,0.06140000000000001,9,Fresh,-3.84,0.2999999999999998
2025-07-22,56,-3.65,0.2498,0.2498,0.2498,0,NA,-3.45,0,9,Fresh,NA,NA
2025-07-22,56,-3.8,0.2417,0.2498,0.2417,0,NA,-3.45,0.008099999999999996,9,Fresh,-3.65,0.1499999999999999
2025-07-22,56,-3.95,0.2394,0.2498,0.2394,0,NA,-3.45,0.010399999999999993,9,Fresh,-3.8,0.15000000000000036
2025-07-22,56,-4.36,0.2318,0.2498,0.2318,0,NA,-3.45,0.017999999999999988,9,Fresh,-3.95,0.41000000000000014
2025-07-22,56,-4.72,0.2271,0.2498,0.2271,0,NA,-3.45,0.022699999999999998,9,Fresh,-4.36,0.35999999999999943
2025-07-22,56,-5.21,0.2194,0.2498,0.2194,0,NA,-3.45,0.030399999999999983,9,Fresh,-4.72,0.4900000000000002
2025-07-22,56,-5.66,0.2143,0.2498,0.2143,0,NA,-3.45,0.035500000000000004,9,Fresh,-5.21,0.4500000000000002
2025-07-22,56,-6.54,0.2073,0.2498,0.2073,0,NA,-3.45,0.04249999999999998,9,Fresh,-5.66,0.8799999999999999
2025-07-22,86,-1.46,0.3663,0.3663,0.3663,0,NA,-1.46,0,9,Fresh,NA,NA
2025-07-22,86,-1.6,0.3647,0.3663,0.3647,0,NA,-1.46,0.0015999999999999903,9,Fresh,-1.46,0.14000000000000012
2025-07-22,86,-1.7,0.3637,0.3663,0.3637,0,NA,-1.46,0.002599999999999991,9,Fresh,-1.6,0.09999999999999987
2025-07-22,86,-1.9,0.3598,0.3663,0.3598,0,NA,-1.46,0.006500000000000006,9,Fresh,-1.7,0.19999999999999996
2025-07-22,86,-2.1,0.3553,0.3663,0.3553,0,NA,-1.46,0.01100000000000001,9,Fresh,-1.9,0.20000000000000018
2025-07-22,86,-2.45,0.3496,0.3663,0.3496,0,NA,-1.46,0.016699999999999993,9,Fresh,-2.1,0.3500000000000001
2025-07-22,86,-2.8,0.345,0.3663,0.345,0,NA,-1.46,0.02130000000000004,9,Fresh,-2.45,0.34999999999999964
2025-07-22,86,-3,0.3393,0.3663,0.3393,0,NA,-1.46,0.027000000000000024,9,Fresh,-2.8,0.20000000000000018
2025-07-22,86,-3.4,0.3256,0.3663,0.3256,0,NA,-1.46,0.040700000000000014,9,Fresh,-3,0.3999999999999999
2025-07-22,86,-3.91,0.3134,0.3663,0.3134,0,NA,-1.46,0.0529,9,Fresh,-3.4,0.5100000000000002
2025-07-22,86,-4.73,0.2975,0.3663,0.2975,0,NA,-1.46,0.06880000000000003,9,Fresh,-3.91,0.8200000000000003
2025-07-22,86,-5.34,0.2867,0.3663,0.2867,0,NA,-1.46,0.0796,9,Fresh,-4.73,0.6099999999999994
2025-07-22,90,-1.6,0.1733,0.1733,0.1733,0,NA,-1.6,0,9,Fresh,NA,NA
2025-07-22,90,-1.85,0.1716,0.1733,0.1716,0,NA,-1.6,0.001700000000000007,9,Fresh,-1.6,0.25
2025-07-22,90,-2.3,0.1683,0.1733,0.1683,0,NA,-1.6,0.0050000000000000044,9,Fresh,-1.85,0.44999999999999973
2025-07-22,90,-2.65,0.1659,0.1733,0.1659,0,NA,-1.6,0.007400000000000018,9,Fresh,-2.3,0.3500000000000001
2025-07-22,90,-3.1,0.1599,0.1733,0.1599,0,NA,-1.6,0.013400000000000023,9,Fresh,-2.65,0.4500000000000002
2025-07-22,90,-3.25,0.1569,0.1733,0.1569,0,NA,-1.6,0.016399999999999998,9,Fresh,-3.1,0.1499999999999999
2025-07-22,90,-3.7,0.1468,0.1733,0.1468,0,NA,-1.6,0.026499999999999996,9,Fresh,-3.25,0.4500000000000002
2025-07-22,90,-4.3,0.141,0.1733,0.141,0,NA,-1.6,0.03230000000000002,9,Fresh,-3.7,0.5999999999999996
2025-07-22,90,-5.7,0.1314,0.1733,0.1314,0,NA,-1.6,0.04190000000000002,9,Fresh,-4.3,1.4000000000000004
2025-07-22,90,-6.25,0.1246,0.1733,0.1246,0,NA,-1.6,0.04870000000000001,9,Fresh,-5.7,0.5499999999999998
2025-07-22,91,-4.35,0.2182,0.227,0.2182,0,NA,-4.1,0.008800000000000002,9,Fresh,NA,NA
2025-07-22,91,-4.55,0.2153,0.227,0.2153,0,NA,-4.1,0.011700000000000016,9,Fresh,-4.35,0.20000000000000018
2025-07-22,91,-4.7,0.2139,0.227,0.2139,0,NA,-4.1,0.0131,9,Fresh,-4.55,0.15000000000000036
2025-07-22,91,-5.62,0.2062,0.227,0.2062,0,NA,-4.1,0.020800000000000013,9,Fresh,-4.7,0.9199999999999999
2025-07-22,91,-5.95,0.2031,0.227,0.2031,0,NA,-4.1,0.023900000000000005,9,Fresh,-5.62,0.33000000000000007
2025-07-22,91,-6.75,0.1957,0.227,0.1957,0,NA,-4.1,0.031299999999999994,9,Fresh,-5.95,0.7999999999999998
2025-07-22,91,-7.56,0.191,0.227,0.191,0,NA,-4.1,0.036000000000000004,9,Fresh,-6.75,0.8099999999999996
