site,id,water_pot_mpa,start_weight,weight_g,total_weight_g,mass_lost_g,dry_mass,wc,sat_mass_est,rwc,notes
ONAQ,2b,1.013,1.7372,4.1673,1.7372,0,0.8676,1.00230520977409,1.81192797497622,0.920866502998492,started with parafilm
ONAQ,2b,1.111,1.7372,4.1445,1.7144,0.0228000000000002,0.8676,0.97602581834947,1.81192797497622,0.896722349056029,NA
ONAQ,2b,1.268,1.7372,4.1057,1.6756,0.0616000000000003,0.8676,0.931304748732134,1.81192797497622,0.855634929189031,leaf fell off after measurement
ONAQ,2b,1.543,1.7372,4.0606,1.6319,0.1053,0.8676,0.88093591516828,1.81192797497622,0.809358634132644,NA
ONAQ,2b,2.223,1.7372,4.0051,1.5758,0.1614,0.8676,0.816274781005071,1.81192797497622,0.749951307984742,NA
ONAQ,2b,2.368,1.7372,3.9868,1.5575,0.1797,0.8676,0.795182111572153,1.81192797497622,0.730572447583555,NA
ONAQ,2b,2.61,1.7372,3.9641,1.535,0.2022,0.8676,0.769248501613647,1.81192797497622,0.706745979877178,NA
ONAQ,2b,2.71,1.7372,3.9484,1.5193,0.2179,0.8676,0.751152604887044,1.81192797497622,0.690120400188727,NA
ONAQ,2b,2.863,1.7372,3.9337,1.5044,0.2328,0.8676,0.733978792070078,1.81192797497622,0.674341983796504,NA
ONAQ,2b,2.968,1.7372,3.9194,1.4901,0.2471,0.8676,0.717496542185339,1.81192797497622,0.65919893987645,NA
ONAQ,2b,3.153,1.7372,3.8994,1.4701,0.2671,0.8676,0.694444444444444,1.81192797497622,0.638019857470781,stuck in drying oven @ 30 degrees C at 1pm
ONAQ,2b,3.256,1.7372,3.885,1.4558,0.2814,0.8676,0.677962194559705,1.81192797497622,0.622876813550728,NA
ONAQ,2b,3.532,1.7372,3.8955,1.4174,0.3198,0.8676,0.633702166897188,1.81192797497622,0.582212975331843,added more parafilm before measurement
ONAQ,2b,3.818,1.7372,3.871,1.3929,0.3443,0.8676,0.605463347164592,1.81192797497622,0.556268599384899,leaf fell off after measurement
ONAQ,2b,4.063,1.7372,3.8307,1.3537,0.3835,0.8676,0.560281235592439,1.81192797497622,0.514757597869788,NA
ONAQ,2b,4.658,1.7372,3.7938,1.3171,0.4201,0.8676,0.518095896726602,1.81192797497622,0.475999877067413,leaf fell off after/during measurement
ONAQ,2b,5.098,1.7372,3.7535,1.2803,0.4569,0.8676,0.47568003688335603,1.81192797497622,0.437030365440982,"leaf fell off after/during measurement, had some troubleshooting issues with the lid seal so it took a while to get a measurement"
ONAQ,2b,5.308,1.7372,3.725,1.2572,0.48,0.8676,0.449054863992624,1.81192797497622,0.412568525262434,really hard to tell if the water was coming out of the stem
ONAQ,2b,5.793,1.7372,3.6915,1.2241,0.5131,0.8676,0.410903642231443,1.81192797497622,0.377517143881051,"leaf fell off before measurement, really hard to tell if the water was coming out of the stem"
ONAQ,3a,2.16,2.4743,4.8787,2.4743,4.44089209850063e-16,1.2583,0.966383215449416,2.78136239025728,0.798391456435734,started with parafilm
ONAQ,3a,2.313,2.4743,4.7733,2.3689,0.1054,1.2583,0.882619407136613,2.78136239025728,0.729188775919018,NA
ONAQ,3a,2.569,2.4743,4.7095,2.3051,0.1692,1.2583,0.83191607724708,2.78136239025728,0.687299487332999,stuck in drying oven @ 30 degrees C at 1pm
ONAQ,3a,2.712,2.4743,4.6796,2.2789,0.1954,1.2583,0.811094333624732,2.78136239025728,0.670097302992031,leaf fell off before measurement
ONAQ,3a,2.93,2.4743,4.6342,2.2362,0.2381,1.2583,0.77715965985854,2.78136239025728,0.642061681947783,leaf fell off before measurement
ONAQ,3a,3.086,2.4743,4.5999,2.2018,0.2725,1.2583,0.74982118731622,2.78136239025728,0.619475607851246,leaf and bark fell off after measurement (bark 0.0025g)
ONAQ,3a,3.378,2.4743,4.5544,2.1585,0.3158,1.2583,0.715409679726615,2.78136239025728,0.591046043654151,"added 0.0021g to rest of total_weight measurements for leaf 3, can subtract it back out if needed. fallen_leaf_weight_3 fell on floor, lost"
ONAQ,3a,3.75,2.4743,4.4969,2.1006,0.3737,1.2583,0.669395215767305,2.78136239025728,0.553030529404456,NA
ONAQ,3a,4.107,2.4743,4.4354,2.0387,0.4356,1.2583,0.620201859651911,2.78136239025728,0.512388727469117,added more parafilm after measurement
ONAQ,3a,4.258,2.4743,4.4082,1.9942,0.4801,1.2583,0.584836684415481,2.78136239025728,0.483171276966329,NA
ONAQ,3a,4.795,2.4743,4.3448,1.9304,0.5439,1.2583,0.534133354525948,2.78136239025728,0.44128198838031,NA
ONAQ,3a,5.243,2.4743,4.2964,1.8819,0.5924,1.2583,0.495589287133434,2.78136239025728,0.409438250191878,NA
ONAQ,4a,1.348,1.7507,4.316,1.7507,0,1.0066,0.739221140472879,1.89166604470599,0.84072821960669,started with parafilm
ONAQ,4a,1.596,1.7507,4.2111,1.6699,0.0807999999999998,1.0066,0.658950923902245,1.89166604470599,0.749435597453457,NA
ONAQ,4a,2.008,1.7507,4.1467,1.6032,0.1475,1.0066,0.592688257500497,1.89166604470599,0.674073989809638,NA
ONAQ,4a,2.224,1.7507,4.0516,1.5632,0.1875,1.0066,0.552950526524935,1.89166604470599,0.628879622407047,leaves & stick broke off before measurement (0.0304g stick) added to rest of data points in total_weight_(g) column
ONAQ,4a,2.374,1.7507,4.0156,1.5235,0.2272,1.0066,0.513510828531691,1.89166604470599,0.584024212759976,NA
ONAQ,4a,2.567,1.7507,4.0022,1.5078,0.2429,1.0066,0.497913769123783,1.89166604470599,0.566285423554459,NA
ONAQ,4a,2.658,1.7507,3.9805,1.4846,0.2661,1.0066,0.474865885157958,1.89166604470599,0.540072690460957,NA
ONAQ,4a,2.778,1.7507,3.9634,1.466,0.2847,1.0066,0.456387840254322,1.89166604470599,0.519057309618752,NA
ONAQ,4a,3.068,1.7507,3.9308,1.4313,0.3194,1.0066,0.421915358633022,1.89166604470599,0.479851195897005,NA
ONAQ,4a,3.326,1.7507,3.9078,1.4074,0.3433,1.0066,0.398172064375124,1.89166604470599,0.452847561373957,leaf fell off after measurement
ONAQ,4a,3.74,1.7507,3.8711,1.3711,0.379599999999999,1.0066,0.362110073514803,1.89166604470599,0.411833672956107,NA
ONAQ,4a,4.125,1.7507,3.8396,1.3391,0.4116,1.0066,0.330319888734354,1.89166604470599,0.375678179034034,NA
ONAQ,4a,NA,1.7507,NA,NA,NA,1.0066,NA,1.89166604470599,NA,put in drying oven @ 30 degrees C when enough time between measurements
ONAQ,5b,2.39,3.5279,5.9965,3.5279,4.44089209850063e-16,2.4518,0.43890203116078,4.06118737447477,0.668639519028906,"started with parafilm, fallen branch dryweight is both the 0.0060g and the 0.0002g of sticks/branch that fell off during measurements"
ONAQ,5b,2.489,3.5279,5.9078,3.4392,0.0886999999999998,2.4518,0.40272452891753,4.06118737447477,0.613525379694398,NA
ONAQ,5b,2.729,3.5279,5.8293,3.3607,0.1672,2.4518,0.370707235500449,4.06118737447477,0.564749055706135,NA
ONAQ,5b,3.016,3.5279,5.6922,3.2236,0.3043,2.4518,0.314789134513419,4.06118737447477,0.479561361199246,NA
ONAQ,5b,3.165,3.5279,5.6649,3.1963,0.331599999999999,2.4518,0.303654457949262,4.06118737447477,0.462598384831354,NA
ONAQ,5b,3.332,3.5279,5.6316,3.169,0.3589,2.4518,0.292519781385105,4.06118737447477,0.445635408463461,0.0060g sticks fell off before measurement
ONAQ,5b,3.586,3.5279,5.5681,3.1086,0.4193,2.4518,0.267884819316421,4.06118737447477,0.408105599942557,leaves and 0.0002g stick fell off before measurement
ONAQ,5b,3.948,3.5279,5.5309,3.0707,0.4572,2.4518,0.252426788481932,4.06118737447477,0.384556266450134,switching to heavier lid to help with air leakage
ONAQ,5b,4.253,3.5279,5.4859,3.0293,0.4986,2.4518,0.235541235011012,4.06118737447477,0.358832192397726,leaf fell off before measurement
ONAQ,5b,NA,3.5279,NA,NA,NA,2.4518,NA,4.06118737447477,NA,put in drying oven @ 30 degrees C when enough time between measurements
ONAQ,6,1.368,4.9429,7.472,4.9429,0,2.6039,0.898267982641422,5.21296881415318,0.896488428098115,started with parafilm
ONAQ,6,1.633,4.9429,7.1818,4.6664,0.2765,2.6039,0.792081109105572,5.21296881415318,0.790511920886003,NA
ONAQ,6,1.745,4.9429,7.1376,4.6222,0.3207,2.6039,0.775106570912861,5.21296881415318,0.773571010872349,NA
ONAQ,6,1.925,4.9429,7.0662,4.5505,0.392399999999999,2.6039,0.74757095126541,5.21296881415318,0.746089941913549,NA
ONAQ,6,2.032,4.9429,7.0198,4.5039,0.438999999999999,2.6039,0.729674718691194,5.21296881415318,0.728229163482864,NA
ONAQ,6,2.165,4.9429,6.9873,4.4713,0.4716,2.6039,0.717155036675755,5.21296881415318,0.715734284151526,NA
ONAQ,6,2.31,4.9429,6.9542,4.4381,0.504799999999999,2.6039,0.704404931064941,5.21296881415318,0.703009437715931,NA
ONAQ,6,2.468,4.9429,6.9265,4.4101,0.532800000000001,2.6039,0.693651829947386,5.21296881415318,0.692277639517236,NA
ONAQ,6,2.543,4.9429,6.8871,4.3705,0.572399999999999,2.6039,0.67844387265256,5.21296881415318,0.677099810636225,put in drying oven @ 30 degrees C at 1pm
ONAQ,6,2.638,4.9429,6.8326,4.3158,0.6271,2.6039,0.657436921540766,5.21296881415318,0.65613447629806,NA
ONAQ,6,2.81,4.9429,6.769,4.252,0.690899999999999,2.6039,0.632935212565767,5.21296881415318,0.63168130754532,NA
ONAQ,6,3.125,4.9429,6.7081,4.1906,0.7523,2.6039,0.609355197972272,5.21296881415318,0.60814800720961,leaf and stick fell off after measurement (stick 0.0099g)
ONAQ,6,3.312,4.9429,6.6161,4.1192,0.8237,2.6039,0.581934790122509,5.21296881415318,0.580781921802939,NA
ONAQ,6,3.536,4.9429,6.5454,4.0485,0.8944,2.6039,0.554783209800684,5.21296881415318,0.553684131351234,add parafilm after measurement
ONAQ,6,3.832,4.9429,6.4794,3.9494,0.9935,2.6039,0.516724912631054,5.21296881415318,0.515701231297996,NA
ONAQ,6,4.257,4.9429,6.3863,3.8559,1.087,2.6039,0.480817235684934,5.21296881415318,0.479864690884498,NA
ONAQ,6,4.472,4.9429,6.3328,3.8021,1.1408,2.6039,0.460155919966205,5.21296881415318,0.459244307202719,NA
ONAQ,8,0.748,2.1356,4.5525,2.1356,0,1.059,1.0166194523135,2.20745411949738,0.937434053065326,"started with parafilm, dry_weight_(g) includes 0.0020g of bark that fell off instead of bark weight"
ONAQ,8,1.085,2.1356,4.5208,2.1039,0.0316999999999998,1.059,0.986685552407932,2.20745411949738,0.909831731421103,NA
ONAQ,8,1.172,2.1356,4.4871,2.0702,0.0654000000000003,1.059,0.954863078375826,2.20745411949738,0.880487938379767,NA
ONAQ,8,1.261,2.1356,4.4131,1.9962,0.1394,1.059,0.884985835694051,2.20745411949738,0.816053496686628,put in drying oven at 30 degrees C somewhere in highlighted grey measurements
ONAQ,8,1.558,2.1356,4.3118,1.8949,0.2407,1.059,0.78932955618508,2.20745411949738,0.727847970422911,NA
ONAQ,8,1.918,2.1356,4.2607,1.8438,0.2918,1.059,0.741076487252125,2.20745411949738,0.683353376226702,NA
ONAQ,8,2.179,2.1356,4.2217,1.8068,0.3288,1.059,0.706137865911237,2.20745411949738,0.651136155380133,"I think 0.0020g bark/sticks fell off after measurement, but not 100% sure. Fairly certain, so I am including it in the total_weight_(g) section"
ONAQ,8,2.383,2.1356,4.19,1.7751,0.3605,1.059,0.676203966005666,2.20745411949738,0.62353383373591,NA
ONAQ,8,2.586,2.1356,4.1566,1.7417,0.3939,1.059,0.64466477809254,2.20745411949738,0.594451261404141,NA
ONAQ,8,2.688,2.1356,4.1319,1.717,0.4186,1.059,0.621340887629839,2.20745411949738,0.572944089649809,NA
ONAQ,8,2.919,2.1356,4.1043,1.6894,0.4462,1.059,0.595278564683664,2.20745411949738,0.548911784369665,NA
ONAQ,8,3.076,2.1356,4.0803,1.6654,0.4702,1.059,0.57261567516525,2.20745411949738,0.528014127604323,NA
ONAQ,8,3.165,2.1356,4.0504,1.6403,0.495300000000001,1.059,0.548914069877242,2.20745411949738,0.506158661570568,leaf fell before measurement
ONAQ,8,3.375,2.1356,4.0219,1.6119,0.523700000000001,1.059,0.522096317280453,2.20745411949738,0.481429767731579,NA
ONAQ,8,3.719,2.1356,4.0028,1.5928,0.542800000000001,1.059,0.504060434372049,2.20745411949738,0.464798715889161,10PM?
ONAQ,8,3.856,2.1356,3.9823,1.572,0.5636,1.059,0.484419263456091,2.20745411949738,0.446687413359198,NA
ONAQ,8,4.331,2.1356,3.9275,1.5245,0.6111,1.059,0.439565627950897,2.20745411949738,0.405327467677791,"sticks fell off before measurement 0.0075g. troubleshooting with air leakage through lid and timing with other samples, which set back this measurement longer than I would have liked to go between measurements"
ONAQ,8,4.868,2.1356,3.8612,1.458,0.6776,1.059,0.376770538243626,2.20745411949738,0.347423543723821,NA
CdM,1,1.067,1.9925,5.1425,1.9925,2.2204460492503099e-16,1.0693,0.863368558870289,2.0544100569424,0.937154172261164,starting with parafilm
CdM,1,1.212,1.9925,5.132,1.982,0.0105000000000002,1.0693,0.853549050780885,2.0544100569424,0.926495464712699,NA
CdM,1,1.373,1.9925,5.1221,1.9721,0.0204000000000002,1.0693,0.844290657439446,2.0544100569424,0.916445826167005,NA
CdM,1,1.613,1.9925,5.1121,1.9621,0.0304,1.0693,0.834938744973347,2.0544100569424,0.906294676120848,NA
CdM,1,1.967,1.9925,5.0887,1.9387,0.0537999999999996,1.0693,0.813055269802675,2.0544100569424,0.882540985012843,NA
CdM,1,2.123,1.9925,5.0798,1.9298,0.0627000000000002,1.0693,0.804732067707846,2.0544100569424,0.873506461471763,NA
CdM,1,2.229,1.9925,5.1337,1.9203,0.0721999999999996,1.0693,0.795847750865052,2.0544100569424,0.863862868927915,"air started leaking out of the side stem via hole in the parafilm, added more parafilm to stop leakage (parafilm #2)"
CdM,1,2.348,1.9925,5.1271,1.9137,0.0787999999999993,1.0693,0.789675488637427,2.0544100569424,0.857163109897452,NA
CdM,1,2.557,1.9925,5.1165,1.9031,0.0893999999999995,1.0693,0.779762461423362,2.0544100569424,0.846402890848526,NA
CdM,1,2.758,1.9925,5.1083,1.8949,0.0975999999999999,1.0693,0.77209389320116,2.0544100569424,0.838078947810677,NA
CdM,1,2.987,1.9925,5.0943,1.8831,0.1094,1.0693,0.761058636491162,2.0544100569424,0.826100590756212,"bark fell off before measurement, 0.0022g, added into total_weight_(g) column here and beyond"
CdM,1,3.235,1.9925,5.0841,1.8729,0.119599999999999,1.0693,0.751519685775742,2.0544100569424,0.815746417709133,"leaf fell off after measurement, weighed separately and added into total_weight_(g) column after this measurement and beyond. ""?"" on time value"
CdM,1,3.301,1.9925,5.0062,1.8633,0.1292,1.0693,0.742541849808286,2.0544100569424,0.806001313664823,swapped parafilm & parafilm #2 for parafilm #3 because of another leakage in the parafilm. leakage did not appear to be from the stem itself.
CdM,1,3.495,1.9925,4.9939,1.8504,0.1421,1.0693,0.730477882727018,2.0544100569424,0.792906330105281,NA
CdM,1,3.735,1.9925,4.9791,1.8351,0.1574,1.0693,0.716169456653886,2.0544100569424,0.777375070534661,NA
CdM,1,3.95,1.9925,4.9641,1.8195,0.173,1.0693,0.701580473206771,2.0544100569424,0.761539276462658,put in drying oven 15-20 min at 25 degrees C
CdM,1,4.225,1.9925,4.9472,1.8019,0.1906,1.0693,0.685121107266436,2.0544100569424,0.743673252381422,put in drying oven 72 min at 30 degrees C
CdM,4,1.343,2.8165,5.2359,2.7907,0.0258000000000003,1.4735,0.893926026467594,2.9069389745739,0.918909017659121,NA
CdM,4,1.562,2.8165,5.2202,2.775,0.0415000000000001,1.4735,0.883271123176111,2.9069389745739,0.907956336534578,NA
CdM,4,1.876,2.8165,5.1986,2.7534,0.0631000000000004,1.4735,0.868612147947065,2.9069389745739,0.892887679700811,NA
CdM,4,2.168,2.8165,5.1808,2.7356,0.0809000000000006,1.4735,0.856532066508313,2.9069389745739,0.880469990272985,NA
CdM,4,2.408,2.8165,5.1664,2.7212,0.0952999999999999,1.4735,0.846759416355616,2.9069389745739,0.870424219050475,NA
CdM,4,2.531,2.8165,5.1549,2.7097,0.106800000000001,1.4735,0.838954869358669,2.9069389745739,0.862401554532497,NA
CdM,4,2.72,2.8165,5.1394,2.6942,0.1223,1.4735,0.828435697319308,2.9069389745739,0.851588398008267,NA
CdM,4,2.843,2.8165,5.124,2.6788,0.137700000000001,1.4735,0.817984390906006,2.9069389745739,0.840845003784192,leaf fell off after measurement
CdM,4,2.968,2.8165,5.0939,2.6627,0.153800000000001,1.4735,0.807058025110281,2.9069389745739,0.829613273459023,NA
CdM,4,3.403,2.8165,5.0746,2.643,0.1735,1.4735,0.793688496776383,2.9069389745739,0.815870100328228,NA
CdM,4,3.546,2.8165,5.0547,2.6224,0.1941,1.4735,0.77970817780794,2.9069389745739,0.801499066496025,put in drying oven for 10-20 min @ 25/26 degrees C before measuring
CdM,4,3.668,2.8165,5.0405,2.6079,0.208600000000001,1.4735,0.769867662029182,2.9069389745739,0.791383532973357,"leaf fell off after measurement (leaf weighed with the branch this datapoint, separately onward). put in drying oven for 50 min @ 25 degrees C before measuring"
CdM,4,3.98,2.8165,4.9148,2.5716,0.2449,1.4735,0.745232439769257,2.9069389745739,0.766059818016611,NA
CdM,4,NA,2.8165,NA,NA,NA,1.4735,NA,2.9069389745739,NA,stem broke during measurement :(
CdM,5,0.996,3.3955,5.9551,3.3955,4.44089209850063e-16,1.8918,0.794851464213976,3.48912367939375,0.941387158656986,parafilm added before this measurement (0.0501g)
CdM,5,1.15,3.3955,5.9379,3.3783,0.0172000000000003,1.8918,0.785759594037425,3.48912367939375,0.930619146999807,NA
CdM,5,1.323,3.3955,5.9213,3.3617,0.0338000000000007,1.8918,0.776984882122846,3.48912367939375,0.92022676365625,NA
CdM,5,1.553,3.3955,5.8985,3.3389,0.0566,1.8918,0.764932868167883,3.48912367939375,0.905952887738594,NA
CdM,5,1.958,3.3955,5.8737,3.3141,0.0813999999999999,1.8918,0.751823660006343,3.48912367939375,0.890426917442197,NA
CdM,5,2.124,3.3955,5.8584,3.2988,0.0967000000000007,1.8918,0.743736124326039,3.48912367939375,0.880848395444822,NA
CdM,5,2.251,3.3955,5.8414,3.2818,0.1137,1.8918,0.734749973570145,3.48912367939375,0.870205593225517,NA
CdM,5,2.51,3.3955,5.8238,3.2642,0.1313,1.8918,0.725446664552278,3.48912367939375,0.85918716269259,NA
CdM,5,2.653,3.3955,5.8059,3.2463,0.1492,1.8918,0.715984776403426,3.48912367939375,0.847980918002851,NA
CdM,5,2.883,3.3955,5.7862,3.2266,0.1689,1.8918,0.705571413468654,3.48912367939375,0.835647788372245,NA
CdM,5,2.958,3.3955,5.777,3.2174,0.1781,1.8918,0.700708320118406,3.48912367939375,0.829888154230033,NA
CdM,5,3.234,3.3955,5.7475,3.1902,0.205300000000001,1.8918,0.686330478908975,3.48912367939375,0.812859670679145,took off 0.0023g of parafilm
CdM,5,3.498,3.3955,5.7117000000000004,3.1544,0.2411,1.8918,0.66740670261127,3.48912367939375,0.790447181299668,NA
CdM,5,3.934,3.3955,5.6774,3.1201,0.275400000000001,1.8918,0.649275821968495,3.48912367939375,0.768973762704246,NA
CdM,7,0.89,1.7764,4.1548,1.7695,0.00690000000000013,0.9064,0.952228596646072,1.81045804483877,0.954695337237916,NA
CdM,7,1.157,1.7764,4.1319,1.7466,0.0298,0.9064,0.926963812886143,1.81045804483877,0.929365105256977,NA
CdM,7,1.557,1.7764,4.1101,1.7248000000000001,0.0515999999999999,0.9064,0.902912621359223,1.81045804483877,0.905251609310058,NA
CdM,7,1.78,1.7764,4.0969,1.7116,0.0648000000000002,0.9064,0.888349514563107,1.81045804483877,0.890650776901831,NA
CdM,7,2.063,1.7764,4.0842,1.6989,0.0774999999999999,0.9064,0.874338040600177,1.81045804483877,0.876603006327249,NA
CdM,7,2.382,1.7764,4.0715,1.6862,0.0901999999999996,0.9064,0.860326566637247,1.81045804483877,0.862555235752668,NA
CdM,7,2.51,1.7764,4.0624,1.6771,0.0992999999999997,0.9064,0.850286849073257,1.81045804483877,0.852489510380329,drying oven @ 30 degrees C 25 min before measured
CdM,7,2.838,1.7764,4.0473,1.662,0.1144,0.9064,0.833627537511033,1.81045804483877,0.835787043004251,NA
CdM,7,NA,1.7764,NA,NA,NA,0.9064,NA,1.81045804483877,NA,"stem broke during measurement, so no reading :("
SRER,1,1.11,4.7327,4.7327,4.7327,0,2.1702,1.1807667496083314,4.9256262446693,0.9299831577627822,NA
SRER,1,1.36,4.7327,4.719,4.719,0.01370000000000004,2.1702,1.1744539673762788,4.9256262446693,0.9250111502461578,NA
SRER,1,1.57,4.7327,4.686,4.686,0.04670000000000041,2.1702,1.1592479955764443,4.9256262446693,0.9130347817754564,NA
SRER,1,1.71,4.7327,4.6555,4.6555,0.07720000000000038,2.1702,1.145193991337204,4.9256262446693,0.9019657139464752,NA
SRER,1,1.98,4.7327,4.6088,4.6088,0.1239000000000008,2.1702,1.1236752373053174,4.9256262446693,0.8850173379591493,NA
SRER,1,2.27,4.7327,4.5544,4.5544,0.17830000000000013,2.1702,1.0986084231868032,4.9256262446693,0.8652744759953269,"pv(""latr_2"", plotonly = T)"
SRER,1,2.62,4.7327,4.5095,4.5095,0.2232000000000003,2.1702,1.077919085798544,4.9256262446693,0.8489793564700395,NA
SRER,1,2.91,4.7327,4.4604,4.4604,0.27230000000000043,2.1702,1.0552944429084878,4.9256262446693,0.8311599718666628,NA
SRER,1,3.38,4.7327,4.3749,4.3749,0.3578000000000001,2.1702,1.0158971523361904,4.9256262446693,0.8001302899198462,NA
SRER,1,3.49,4.7327,4.3014,4.3014,0.43130000000000024,2.1702,0.9820293060547416,4.9256262446693,0.7734556510532844,NA
SRER,1,3.77,4.7327,4.2159,4.2159,0.5167999999999999,2.1702,0.9426320154824442,4.9256262446693,0.7424259691064677,NA
SRER,1,4.18,4.7327,4.1541,4.1541,0.5786000000000007,2.1702,0.9141553773845728,4.9256262446693,0.7199974972431544,NA
SRER,1,4.44,4.7327,4.0956,4.0956,0.6371000000000002,2.1702,0.8871993364666853,4.9256262446693,0.6987666622269115,NA
SRER,1,4.73,4.7327,4.0515,4.0515,0.6812000000000005,2.1702,0.8668786286978158,4.9256262446693,0.6827618789069744,"pv(""latr_3"", plotonly = T)"
SRER,1,4.95,4.7327,3.9461,3.9461,0.7866000000000004,2.1702,0.8183116763431942,4.9256262446693,0.6445100838520682,NA
SRER,2,1.09,2.2643,2.2643,2.2643,0,1.0052,1.2525865499403102,2.331408577972773,0.9493981722879864,NA
SRER,2,1.32,2.2643,2.2396,2.2396,0.02470000000000016,1.0052,1.2280143255073612,2.331408577972773,0.9307736509191408,NA
SRER,2,1.49,2.2643,2.2253,2.2253,0.03900000000000014,1.0052,1.2137883008356545,2.331408577972773,0.919991033284546,NA
SRER,2,1.97,2.2643,2.2023,2.2023,0.06199999999999983,1.0052,1.1909072821329088,2.331408577972773,0.9026483615645688,NA
SRER,2,2.32,2.2643,2.1774,2.1774,0.08689999999999998,1.0052,1.1661360923199362,2.331408577972773,0.88387303435468,NA
SRER,2,2.77,2.2643,2.1452,2.1452,0.11909999999999998,1.0052,1.134102666136092,2.331408577972773,0.8595932939467115,NA
SRER,2,3.12,2.2643,2.1054,2.1054,0.15890000000000004,1.0052,1.0945085555113407,2.331408577972773,0.8295829315790981,NA
SRER,2,3.4,2.2643,2.0605,2.0605,0.20379999999999976,1.0052,1.049840827695981,2.331408577972773,0.7957270202648814,NA
SRER,2,3.72,2.2643,2.0152,2.0152,0.24909999999999988,1.0052,1.0047751691205729,2.331408577972773,0.7615694972685778,NA
SRER,2,3.92,2.2643,1.9691,1.9691,0.2951999999999999,1.0052,0.9589136490250696,2.331408577972773,0.726808750908101,NA
SRER,2,4.32,2.2643,1.9294,1.9294,0.3349,1.0052,0.91941902109033,2.331408577972773,0.6968737914610094,NA
SRER,2,4.72,2.2643,1.9004,1.9004,0.3638999999999999,1.0052,0.8905690409868682,2.331408577972773,0.6750069445097335,NA
SRER,2,6.79,2.2643,1.8553,1.8553,0.409,1.0052,0.845702347791484,2.331408577972773,0.6410002273544732,NA
SRER,3,1.47,3.4973,3.4973,3.4973,0,1.6909,1.0683068188538647,3.6775380370503457,0.9092748484178056,NA
SRER,3,1.66,3.4973,3.4652,3.4652,0.03210000000000024,1.6909,1.0493228458217516,3.6775380370503457,0.8931168974466964,NA
SRER,3,1.85,3.4973,3.4482,3.4482,0.04910000000000014,1.6909,1.0392690283281092,3.6775380370503457,0.8845597271504705,NA
SRER,3,2.09,3.4973,3.4233,3.4233,0.07400000000000029,1.6909,1.0245431427050682,3.6775380370503457,0.8720259894812923,NA
SRER,3,2.39,3.4973,3.3846,3.3846,0.11270000000000024,1.6909,1.0016559228813056,3.6775380370503457,0.852545842983413,NA
SRER,3,2.7,3.4973,3.3484,3.3484,0.14890000000000023,1.6909,0.9802472056301376,3.6775380370503457,0.8343241038820376,NA
SRER,3,2.92,3.4973,3.3089,3.3089,0.18840000000000012,1.6909,0.956886864983145,3.6775380370503457,0.8144412670172771,NA
SRER,3,3.25,3.4973,3.2553,3.2553,0.242,1.6909,0.9251877698267196,3.6775380370503457,0.7874610124362351,NA
SRER,3,3.37,3.4973,3.1982,3.1982,0.29910000000000014,1.6909,0.8914187710686615,3.6775380370503457,0.7587189875000877,NA
SRER,3,3.66,3.4973,3.1352,3.1352,0.36209999999999987,1.6909,0.8541605062392809,3.6775380370503457,0.7270071211081913,NA
SRER,3,3.97,3.4973,3.0775,3.0775,0.4197999999999999,1.6909,0.8200366668638004,3.6775380370503457,0.697963078396883,NA
SRER,3,4.17,3.4973,3.0371,3.0371,0.46019999999999994,1.6909,0.7961440652906736,3.6775380370503457,0.6776272148693812,NA
SRER,3,4.58,3.4973,2.9918,2.9918,0.5055000000000001,1.6909,0.7693535986752617,3.6775380370503457,0.6548248728447317,NA
SRER,3,5.13,3.4973,2.8621,2.8621,0.6352000000000002,1.6909,0.6926488852090601,3.6775380370503457,0.5895386971141131,NA
SRER,4,1.39,3.2939,3.2939,3.2939,0,1.5351,1.1457234056413264,3.4238140134312167,0.9312156247545372,NA
SRER,4,1.59,3.2939,3.2533,3.2533,0.04059999999999997,1.5351,1.1192756172236338,3.4238140134312167,0.9097195169736444,NA
SRER,4,1.82,3.2939,3.2261,3.2261,0.06779999999999964,1.5351,1.1015569018304998,3.4238140134312167,0.895318183682012,NA
SRER,4,2.01,3.2939,3.2165,3.2165,0.07739999999999991,1.5351,1.0953032375740994,3.4238140134312167,0.890235360167318,NA
SRER,4,2.23,3.2939,3.188,3.188,0.10589999999999966,1.5351,1.0767376718129114,3.4238140134312167,0.8751457278580708,NA
SRER,4,2.71,3.2939,3.1513,3.1513,0.14259999999999984,1.5351,1.0528304344993813,3.4238140134312167,0.8557145171300222,NA
SRER,4,3.09,3.2939,3.1222,3.1222,0.17169999999999996,1.5351,1.0338740147221681,3.4238140134312167,0.8403072083511064,NA
SRER,4,3.58,3.2939,2.9654,2.9654,0.3285,1.5351,0.9317308318676308,3.4238140134312167,0.7572877576111068,NA
SRER,4,3.69,3.2939,2.9072,2.9072,0.3866999999999998,1.5351,0.8938179923132045,3.4238140134312167,0.7264731400532753,NA
SRER,4,4.03,3.2939,2.8334,2.8334,0.4604999999999997,1.5351,0.8457429483421277,3.4238140134312167,0.6873989342840664,NA
SRER,4,4.34,3.2939,2.773,2.773,0.5208999999999997,1.5351,0.8063969773956096,3.4238140134312167,0.6554195030041174,NA
SRER,4,4.49,3.2939,2.7256,2.7256,0.5682999999999998,1.5351,0.7755195101296334,3.4238140134312167,0.6303230619003165,NA
SRER,4,4.74,3.2939,2.691,2.691,0.6029,1.5351,0.7529802618721907,3.4238140134312167,0.6120037188161073,NA
SRER,4,5.23,3.2939,2.6086,2.6086,0.6852999999999998,1.5351,0.6993029770047555,3.4238140134312167,0.5683761503149851,NA
SRER,5,1.53,3.3954,3.3954,3.3954,0,1.4964,1.269045709703288,3.63149743446737,0.889420768038032,NA
SRER,5,1.99,3.3954,3.2982,3.2982,0.09719999999999995,1.4964,1.2040898155573376,3.63149743446737,0.843895913560256,NA
SRER,5,2.39,3.3954,3.256,3.256,0.1394000000000002,1.4964,1.1758887997861531,3.63149743446737,0.8241310076038552,NA
SRER,5,2.65,3.3954,3.2108,3.2108,0.1846000000000001,1.4964,1.1456829724672548,3.63149743446737,0.8029610135462886,NA
SRER,5,3.1,3.3954,3.1363,3.1363,0.2591000000000001,1.4964,1.0958968190323444,3.63149743446737,0.7680679923673347,NA
SRER,5,3.36,3.3954,3.0862,3.0862,0.30920000000000014,1.4964,1.0624164661855118,3.63149743446737,0.7446030210778637,NA
SRER,5,3.56,3.3954,3.025,3.025,0.37040000000000006,1.4964,1.0215183106121355,3.63149743446737,0.7159392238140788,NA
SRER,5,3.66,3.3954,2.9758,2.9758,0.4196,1.4964,0.9886394012296178,3.63149743446737,0.6928957789549577,NA
SRER,5,4,3.3954,2.932,2.932,0.4634,1.4964,0.9593691526329858,3.63149743446737,0.6723814926779351,NA
SRER,5,4.31,3.3954,2.8975,2.8975,0.4979,1.4964,0.936313819834269,3.63149743446737,0.6562229795145269,NA
SRER,5,4.68,3.3954,2.7929,2.7929,0.6025,1.4964,0.8664127238706228,3.63149743446737,0.607232241053875,NA
SRER,5,4.95,3.3954,2.7492,2.7492,0.6461999999999999,1.4964,0.8372093023255816,3.63149743446737,0.5867647910468913,NA
SRER,6,1.1,4.7907,4.7907,4.7907,0,1.9769,1.4233395720572612,4.98240512071756,0.9362153405109518,NA
SRER,6,1.26,4.7907,4.7428,4.7428,0.04790000000000027,1.9769,1.3991097172340532,4.98240512071756,0.9202779196528684,NA
SRER,6,1.46,4.7907,4.6908,4.6908,0.09989999999999988,1.9769,1.372805908240174,4.98240512071756,0.9029763354227992,NA
SRER,6,1.64,4.7907,4.6664,4.6664,0.12429999999999986,1.9769,1.3604633517122768,4.98240512071756,0.8948578997456127,NA
SRER,6,1.75,4.7907,4.6276,4.6276,0.16310000000000002,1.9769,1.3408366634629976,4.98240512071756,0.8819482561277916,NA
SRER,6,2.35,4.7907,4.526,4.526,0.2647000000000004,1.9769,1.2894430674288024,4.98240512071756,0.848143622324425,NA
SRER,6,2.75,4.7907,4.4677,4.4677,0.3230000000000004,1.9769,1.2599524508068185,4.98240512071756,0.8287458846203278,NA
SRER,6,3.07,4.7907,4.425,4.425,0.3657000000000003,1.9769,1.2383529768829984,4.98240512071756,0.8145386221852515,NA
SRER,6,3.4,4.7907,4.3128,4.3128,0.4779,1.9769,1.1815974505538975,4.98240512071756,0.7772071269811403,NA
SRER,6,3.53,4.7907,4.2232,4.2232,0.5674999999999999,1.9769,1.1362739642875208,4.98240512071756,0.747395166461636,NA
SRER,6,3.93,4.7907,4.1018,4.1018,0.6889000000000003,1.9769,1.0748646871364256,4.98240512071756,0.7070026217398967,NA
SRER,6,4.18,4.7907,3.9822,3.9822,0.8085,1.9769,1.0143659264505034,4.98240512071756,0.667208978010737,NA
SRER,6,4.54,4.7907,3.908,3.908,0.8827000000000003,1.9769,0.97683241438616,4.98240512071756,0.6425209482055224,NA
SRER,6,4.72,4.7907,3.8705,3.8705,0.9202000000000004,1.9769,0.9578633213617278,4.98240512071756,0.630043844193453,NA
SRER,6,5.01,4.7907,3.7612,3.7612,1.0295,1.9769,0.9025747382265162,4.98240512071756,0.5936772450329417,NA
