sample,ID,P.MPa,mass.g,mass_lost,leaf.mass.g,offset.mass.g,note,state,date
LATR_1,1,1.36,6.0721,0,6.0721,0,NA,Rehydrated,20231030
LATR_1,1,1.56,6.0321,0.040000000000000036,6.0321,0,NA,Rehydrated,20231030
LATR_1,1,1.91,5.9374,0.1346999999999996,5.9374,0,NA,Rehydrated,20231030
LATR_1,1,2.36,5.8484,0.2237,5.8484,0,"pv(""latr_3"")",Rehydrated,20231030
LATR_1,1,2.72,5.7559,0.31620000000000026,5.7559,0,NA,Rehydrated,20231030
LATR_1,1,2.9,5.6534,0.4186999999999994,5.6534,0,NA,Rehydrated,20231030
LATR_1,1,3.59,5.3185,0.7535999999999996,5.3185,0,NA,Rehydrated,20231030
LATR_1,1,3.97,5.2152,0.8568999999999996,5.2152,0,NA,Rehydrated,20231030
LATR_1,1,4.56,5.0222,1.0499,5.0222,0,NA,Rehydrated,20231030
LATR_1,1,4.82,4.9437,1.1284,4.9437,0,NA,Rehydrated,20231030
LATR_1,1,5.39,4.745,1.3270999999999997,4.745,0,NA,Rehydrated,20231030
LATR_1,1,5.84,4.6026,1.4695,4.6026,0,NA,Rehydrated,20231030
LATR_2,2,0.99,2.278,0.026399999999999757,2.278,0,NA,Rehydrated,20231030
LATR_2,2,1.54,2.2301,0.07429999999999959,2.2301,0,NA,Rehydrated,20231030
LATR_2,2,1.93,2.1981,0.10629999999999962,2.1981,0,NA,Rehydrated,20231030
LATR_2,2,2.86,2.0732,0.23119999999999985,2.0732,0,"pv(""latr_1"")",Rehydrated,20231030
LATR_2,2,3.6,1.9588,0.3455999999999997,1.9588,0,NA,Rehydrated,20231030
LATR_2,2,3.98,1.9229,0.38149999999999973,1.9229,0,NA,Rehydrated,20231030
LATR_2,2,4.06,1.9065,0.3978999999999997,1.9065,0,NA,Rehydrated,20231030
LATR_2,2,4.98,1.7718,0.5325999999999997,1.7718,0,NA,Rehydrated,20231030
LATR_2,2,6.65,1.5996,0.7047999999999999,1.5996,0,NA,Rehydrated,20231030
LATR_3,3,1.13,1.9269,0.06410000000000005,1.9269,0,NA,Rehydrated,20231030
LATR_3,3,1.3,1.9164,0.0746,1.9164,0,NA,Rehydrated,20231030
LATR_3,3,1.46,1.8967,0.09430000000000005,1.8967,0,NA,Rehydrated,20231030
LATR_3,3,1.7,1.8845,0.10650000000000004,1.8845,0,NA,Rehydrated,20231030
LATR_3,3,2.56,1.8341,0.15690000000000004,1.8341,0,NA,Rehydrated,20231030
LATR_3,3,2.87,1.8013,0.1897000000000002,1.8013,0,NA,Rehydrated,20231030
LATR_3,3,3.15,1.7789,0.21210000000000018,1.7789,0,NA,Rehydrated,20231030
LATR_3,3,4.13,1.6605,0.3305,1.6605,0,NA,Rehydrated,20231030
LATR_3,3,4.57,1.6295,0.36150000000000015,1.6295,0,NA,Rehydrated,20231030
LATR_3,3,5.09,1.5752,0.41580000000000017,1.5752,0,NA,Rehydrated,20231030
LATR_3,3,5.75,1.5167,0.47430000000000017,1.5167,0,NA,Rehydrated,20231030
LATR_4,4,1.53,1.9928,0.03420000000000023,1.9928,0,NA,Rehydrated,20231030
LATR_4,4,2.08,1.943,0.08400000000000007,1.943,0,NA,Rehydrated,20231030
LATR_4,4,2.91,1.88,0.14700000000000024,1.88,0,NA,Rehydrated,20231030
LATR_4,4,3.17,1.8279,0.19910000000000005,1.8279,0,NA,Rehydrated,20231030
LATR_4,4,3.29,1.8048,0.22220000000000018,1.8048,0,NA,Rehydrated,20231030
LATR_4,4,3.46,1.7883,0.23870000000000013,1.7883,0,NA,Rehydrated,20231030
LATR_4,4,4.21,1.669,0.3580000000000001,1.669,0,NA,Rehydrated,20231030
LATR_4,4,4.55,1.6288,0.3982000000000001,1.6288,0,NA,Rehydrated,20231030
LATR_4,4,5.17,1.5556,0.47140000000000004,1.5556,0,NA,Rehydrated,20231030
LATR_4,4,6.41,1.4578,0.5692000000000002,1.4578,0,NA,Rehydrated,20231030
LATR_5,5,2.21,1.4031,0.04400000000000004,1.4031,0,NA,Rehydrated,20231030
LATR_5,5,2.42,1.3814,0.06570000000000009,1.3814,0,NA,Rehydrated,20231030
LATR_5,5,2.69,1.3585,0.08860000000000001,1.3585,0,NA,Rehydrated,20231030
LATR_5,5,2.97,1.3084,0.13870000000000005,1.3084,0,NA,Rehydrated,20231030
LATR_5,5,3.11,1.2824,0.16470000000000007,1.2824,0,NA,Rehydrated,20231030
LATR_5,5,3.25,1.2665,0.1806000000000001,1.2665,0,NA,Rehydrated,20231030
LATR_5,5,4.72,1.1422,0.30489999999999995,1.1422,0,NA,Rehydrated,20231030
LATR_5,5,5.22,1.1095,0.3376000000000001,1.1095,0,NA,Rehydrated,20231030
LATR_5,5,6.39,1.0534,0.39370000000000016,1.0534,0,NA,Rehydrated,20231030
LATR_6,6,1.36,4.719,0.013700000000000045,4.719,0,NA,Fresh,20240308
LATR_6,6,1.57,4.686,0.04670000000000041,4.686,0,NA,Fresh,20240308
LATR_6,6,1.71,4.6555,0.07720000000000038,4.6555,0,NA,Fresh,20240308
LATR_6,6,1.98,4.6088,0.12390000000000079,4.6088,0,NA,Fresh,20240308
LATR_6,6,2.27,4.5544,0.17830000000000013,4.5544,0,"pv(""latr_2"", plotonly = T)",Fresh,20240308
LATR_6,6,2.62,4.5095,0.2232000000000003,4.5095,0,NA,Fresh,20240308
LATR_6,6,2.91,4.4604,0.27230000000000043,4.4604,0,NA,Fresh,20240308
LATR_6,6,3.38,4.3749,0.3578000000000001,4.3749,0,NA,Fresh,20240308
LATR_6,6,3.49,4.3014,0.43130000000000024,4.3014,0,NA,Fresh,20240308
LATR_6,6,3.77,4.2159,0.5167999999999999,4.2159,0,NA,Fresh,20240308
LATR_6,6,4.18,4.1541,0.5786000000000007,4.1541,0,NA,Fresh,20240308
LATR_6,6,4.44,4.0956,0.6371000000000002,4.0956,0,NA,Fresh,20240308
LATR_6,6,4.73,4.0515,0.6812000000000005,4.0515,0,"pv(""latr_3"", plotonly = T)",Fresh,20240308
LATR_6,6,4.95,3.9461,0.7866000000000004,3.9461,0,NA,Fresh,20240308
LATR_7,7,1.32,2.2396,0.024700000000000166,2.2396,0,NA,Fresh,20240308
LATR_7,7,1.49,2.2253,0.039000000000000146,2.2253,0,NA,Fresh,20240308
LATR_7,7,1.97,2.2023,0.06199999999999983,2.2023,0,NA,Fresh,20240308
LATR_7,7,2.32,2.1774,0.08689999999999998,2.1774,0,NA,Fresh,20240308
LATR_7,7,2.77,2.1452,0.11909999999999998,2.1452,0,NA,Fresh,20240308
LATR_7,7,3.12,2.1054,0.15890000000000004,2.1054,0,NA,Fresh,20240308
LATR_7,7,3.4,2.0605,0.20379999999999976,2.0605,0,NA,Fresh,20240308
LATR_7,7,3.72,2.0152,0.24909999999999988,2.0152,0,NA,Fresh,20240308
LATR_7,7,3.92,1.9691,0.2951999999999999,1.9691,0,NA,Fresh,20240308
LATR_7,7,4.32,1.9294,0.3349,1.9294,0,NA,Fresh,20240308
LATR_7,7,4.72,1.9004,0.3638999999999999,1.9004,0,NA,Fresh,20240308
LATR_7,7,6.79,1.8553,0.40900000000000003,1.8553,0,NA,Fresh,20240308
LATR_8,8,1.66,3.4652,0.03210000000000024,3.4652,0,NA,Fresh,20240308
LATR_8,8,1.85,3.4482,0.049100000000000144,3.4482,0,NA,Fresh,20240308
LATR_8,8,2.09,3.4233,0.07400000000000029,3.4233,0,NA,Fresh,20240308
LATR_8,8,2.39,3.3846,0.11270000000000024,3.3846,0,NA,Fresh,20240308
LATR_8,8,2.7,3.3484,0.14890000000000025,3.3484,0,NA,Fresh,20240308
LATR_8,8,2.92,3.3089,0.18840000000000012,3.3089,0,NA,Fresh,20240308
LATR_8,8,3.25,3.2553,0.242,3.2553,0,NA,Fresh,20240308
LATR_8,8,3.37,3.1982,0.29910000000000014,3.1982,0,NA,Fresh,20240308
LATR_8,8,3.66,3.1352,0.36209999999999987,3.1352,0,NA,Fresh,20240308
LATR_8,8,3.97,3.0775,0.41979999999999995,3.0775,0,NA,Fresh,20240308
LATR_8,8,4.17,3.0371,0.46019999999999994,3.0371,0,NA,Fresh,20240308
LATR_8,8,4.58,2.9918,0.5055000000000001,2.9918,0,NA,Fresh,20240308
LATR_8,8,5.13,2.8621,0.6352000000000002,2.8621,0,NA,Fresh,20240308
LATR_9,9,1.59,3.2533,0.04059999999999997,3.2429,0.0104,NA,Fresh,20240308
LATR_9,9,1.82,3.2261,0.06779999999999964,3.2157,0.0104,NA,Fresh,20240308
LATR_9,9,2.01,3.2165,0.07739999999999991,3.2061,0.0104,NA,Fresh,20240308
LATR_9,9,2.23,3.188,0.10589999999999966,3.1776,0.0104,NA,Fresh,20240308
LATR_9,9,2.71,3.1513,0.14259999999999984,3.1409,0.0104,NA,Fresh,20240308
LATR_9,9,3.09,3.1222,0.17169999999999996,3.1118,0.0104,NA,Fresh,20240308
LATR_9,9,3.58,2.9654,0.3285,2.955,0.0104,NA,Fresh,20240308
LATR_9,9,3.69,2.9072,0.3866999999999998,2.8968,0.0104,NA,Fresh,20240308
LATR_9,9,4.03,2.8334,0.4604999999999997,2.823,0.0104,NA,Fresh,20240308
LATR_9,9,4.34,2.773,0.5208999999999997,2.7626,0.0104,NA,Fresh,20240308
LATR_9,9,4.49,2.7256,0.5682999999999998,2.7152,0.0104,NA,Fresh,20240308
LATR_9,9,4.74,2.691,0.6029,2.6806,0.0104,NA,Fresh,20240308
LATR_9,9,5.23,2.6086,0.6852999999999998,2.5982,0.0104,NA,Fresh,20240308
LATR_10,10,1.99,3.2982,0.09719999999999995,3.2862,0,NA,Fresh,20240308
LATR_10,10,2.39,3.256,0.1394000000000002,3.256,0,NA,Fresh,20240308
LATR_10,10,2.65,3.2108,0.1846000000000001,3.2108,0,NA,Fresh,20240308
LATR_10,10,3.1,3.1363,0.2591000000000001,3.1363,0,NA,Fresh,20240308
LATR_10,10,3.36,3.0862,0.30920000000000014,3.0862,0,NA,Fresh,20240308
LATR_10,10,3.56,3.025,0.37040000000000006,3.025,0,NA,Fresh,20240308
LATR_10,10,3.66,2.9758,0.4196,2.9758,0,NA,Fresh,20240308
LATR_10,10,4,2.932,0.46340000000000003,2.932,0,NA,Fresh,20240308
LATR_10,10,4.31,2.8975,0.4979,2.8975,0,NA,Fresh,20240308
LATR_10,10,4.68,2.7929,0.6025,2.7929,0,NA,Fresh,20240308
LATR_10,10,4.95,2.7492,0.6461999999999999,2.7492,0,NA,Fresh,20240308
LATR_11,11,1.26,4.7428,0.047900000000000276,4.7428,0,NA,Fresh,20240308
LATR_11,11,1.46,4.6908,0.09989999999999988,4.6908,0,NA,Fresh,20240308
LATR_11,11,1.64,4.6664,0.12429999999999986,4.6664,0,NA,Fresh,20240308
LATR_11,11,1.75,4.6276,0.16310000000000002,4.6276,0,NA,Fresh,20240308
LATR_11,11,2.35,4.526,0.2647000000000004,4.526,0,NA,Fresh,20240308
LATR_11,11,2.75,4.4677,0.3230000000000004,4.4677,0,NA,Fresh,20240308
LATR_11,11,3.07,4.425,0.36570000000000036,4.425,0,NA,Fresh,20240308
LATR_11,11,3.4,4.3128,0.4779,4.3128,0,NA,Fresh,20240308
LATR_11,11,3.53,4.2232,0.5674999999999999,4.2232,0,NA,Fresh,20240308
LATR_11,11,3.93,4.1018,0.6889000000000003,4.1018,0,NA,Fresh,20240308
LATR_11,11,4.18,3.9822,0.8085,3.9822,0,NA,Fresh,20240308
LATR_11,11,4.54,3.908,0.8827000000000003,3.908,0,NA,Fresh,20240308
LATR_11,11,4.72,3.8705,0.9202000000000004,3.8705,0,NA,Fresh,20240308
LATR_11,11,5.01,3.7612,1.0295,3.7612,0,NA,Fresh,20240308
