sample,ID,P.MPa,mass.g,mass_lost,leaf.mass.g,offset.mass.g,note,state,date,dry_mass,wc,r2,n,slope,sat_mass_est,keep,rwc,rwc_plotting,term,pred.mean,std.error,pred.lower,pred.upper,y
LATR_1,1,1.36,6.0721,0,6.0721,0,NA,Rehydrated,20231030,2.8602,1.12296342913083,0.9977677059195256,5,-0.23164541059729032,6.388301203803829,TRUE,0.9103763793785404,0.08962362062145957,y.rep[1],0.7262364626181603,0.025771075763632165,0.6756330679699284,0.776830697077706,0.7352941176470588
LATR_1,1,1.56,6.0321,0.04000000000000003,6.0321,0,NA,Rehydrated,20231030,2.8602,1.1089783931193624,0.9977677059195256,5,-0.23164541059729032,6.388301203803829,TRUE,0.8990388361252817,0.10096116387471832,y.rep[2],0.6564875582377235,0.022979634195902054,0.6117806268887939,0.7021586114624282,0.641025641025641
LATR_1,1,1.91,5.9374,0.1346999999999996,5.9374,0,NA,Rehydrated,20231030,2.8602,1.0758688203622129,0.9977677059195256,5,-0.23164541059729032,6.388301203803829,TRUE,0.8721972024731919,0.12780279752680812,y.rep[3],0.5170454548324106,0.02412815901186047,0.46940035770345057,0.5641979371389835,0.5235602094240838
LATR_1,1,2.36,5.8484,0.2237,5.8484,0,"pv(""latr_3"")",Rehydrated,20231030,2.8602,1.0447521152366968,0.9977677059195256,5,-0.23164541059729032,6.388301203803829,TRUE,0.8469711687346911,0.15302883126530886,y.rep[4],0.4155121761988768,0.025201957222147395,0.3659845852964011,0.46480296354171285,0.42372881355932207
LATR_1,1,2.72,5.7559,0.31620000000000026,5.7559,0,NA,Rehydrated,20231030,2.8602,1.0124117194601776,0.9977677059195256,5,-0.23164541059729032,6.388301203803829,TRUE,0.8207530999615303,0.17924690003846966,y.rep[5],0.36398575835714114,0.0237078002776704,0.31909450070508744,0.412312411200493,0.3676470588235294
LATR_1,1,2.9,5.6534,0.4186999999999994,5.6534,0,NA,Rehydrated,20231030,2.8602,0.9765750646807918,0.9977677059195256,5,-0.23164541059729032,6.388301203803829,FALSE,0.7917006453750551,0.2082993546249449,y.rep[6],0.34408662850588484,0.023370333134942297,0.2975972271867985,0.38977735258562446,0.3448275862068966
LATR_1,1,3.59,5.3185,0.7535999999999996,5.3185,0,NA,Rehydrated,20231030,2.8602,0.8594853506747782,0.9977677059195256,5,-0.23164541059729032,6.388301203803829,FALSE,0.6967770644871466,0.3032229355128534,y.rep[7],0.28319504771121234,0.02151821136942969,0.24044514662805067,0.32500430306989253,0.2785515320334262
LATR_1,1,3.97,5.2152,0.8568999999999996,5.2152,0,NA,Rehydrated,20231030,2.8602,0.8233689951751628,0.9977677059195256,5,-0.23164541059729032,6.388301203803829,FALSE,0.667497859035606,0.332502140964394,y.rep[8],0.26438874782863786,0.02119717143109282,0.2230277821746008,0.3060802422588171,0.2518891687657431
LATR_1,1,4.56,5.0222,1.0499,5.0222,0,NA,Rehydrated,20231030,2.8602,0.7558911964198308,0.9977677059195256,5,-0.23164541059729032,6.388301203803829,FALSE,0.6127942128386327,0.3872057871613674,y.rep[9],0.22927051752937597,0.02122586653491728,0.18837162416780945,0.2723356604201128,0.2192982456140351
LATR_1,1,4.82,4.9437,1.1284,4.9437,0,NA,Rehydrated,20231030,2.8602,0.7284455632473253,0.9977677059195256,5,-0.23164541059729032,6.388301203803829,FALSE,0.5905442842041124,0.4094557157958876,y.rep[10],0.21491842024133104,0.02148934390095413,0.17224612713869952,0.2568309296542899,0.20746887966804978
LATR_1,1,5.39,4.745,1.3270999999999995,4.745,0,NA,Rehydrated,20231030,2.8602,0.6589748968603595,0.9977677059195256,5,-0.23164541059729032,6.388301203803829,FALSE,0.5342250380935499,0.46577496190645007,y.rep[11],0.1789046286494311,0.022274505443651303,0.13491287891633658,0.22198684095024807,0.1855287569573284
LATR_1,1,5.84,4.6026,1.4695,4.6026,0,NA,Rehydrated,20231030,2.8602,0.6091881686595343,0.9977677059195256,5,-0.23164541059729032,6.388301203803829,FALSE,0.4938633841119489,0.5061366158880511,y.rep[12],0.15285751183440568,0.02342190089357338,0.10756541976226813,0.19970740627234476,0.17123287671232876
LATR_2,2,0.99,2.278,0.02639999999999975,2.278,0,NA,Rehydrated,20231030,1.0059,1.2646386320707823,0.9997299951616456,3,-0.08513749813181917,2.3619710805559713,TRUE,0.9380776702932532,0.06192232970674682,y.rep[13],0.9986962394500525,0.027942833966660127,0.9443116609928828,1.0538194887507744,1.0101010101010102
LATR_2,2,1.54,2.2301,0.07429999999999959,2.2301,0,NA,Rehydrated,20231030,1.0059,1.2170195844517349,0.9997299951616456,3,-0.08513749813181917,2.3619710805559713,TRUE,0.9027550381047094,0.09724496189529064,y.rep[14],0.6685995887938205,0.023506697784835107,0.62192709746887,0.7143582492885013,0.6493506493506493
LATR_2,2,1.93,2.1981,0.10629999999999962,2.1981,0,NA,Rehydrated,20231030,1.0059,1.1852072770653148,0.9997299951616456,3,-0.08513749813181917,2.3619710805559713,TRUE,0.8791574550142415,0.12084254498575853,y.rep[15],0.5115832150803978,0.02566366984429754,0.4621872283097511,0.562867112852682,0.5181347150259068
LATR_2,2,2.86,2.0732,0.23119999999999985,2.0732,0,"pv(""latr_1"")",Rehydrated,20231030,1.0059,1.0610398647976935,0.9997299951616456,3,-0.08513749813181917,2.3619710805559713,FALSE,0.7870531385142592,0.2129468614857408,y.rep[16],0.32202848257794175,0.023790840153599516,0.27575075649348724,0.36913265627530817,0.3496503496503497
LATR_2,2,3.6,1.9588,0.3455999999999997,1.9588,0,NA,Rehydrated,20231030,1.0059,0.9473108658912416,0.9997299951616456,3,-0.08513749813181917,2.3619710805559713,FALSE,0.7026917789658368,0.2973082210341632,y.rep[17],0.27862567066998406,0.021963809320210057,0.2346584566970085,0.32078053643445825,0.2777777777777778
LATR_2,2,3.98,1.9229,0.3814999999999998,1.9229,0,NA,Rehydrated,20231030,1.0059,0.9116214335421016,0.9997299951616456,3,-0.08513749813181917,2.3619710805559713,FALSE,0.6762182404362183,0.32378175956378175,y.rep[18],0.2648895631827014,0.021650128899709235,0.2230381170137381,0.3078330137136535,0.25125628140703515
LATR_2,2,4.06,1.9065,0.3978999999999997,1.9065,0,NA,Rehydrated,20231030,1.0059,0.8953176260065614,0.9997299951616456,3,-0.08513749813181917,2.3619710805559713,FALSE,0.6641244791023535,0.3358755208976465,y.rep[19],0.2586205418848477,0.02154601286030882,0.21597437649758625,0.3004673825258122,0.24630541871921185
LATR_2,2,4.98,1.7718,0.5325999999999997,1.7718,0,NA,Rehydrated,20231030,1.0059,0.7614076946018491,0.9997299951616456,3,-0.08513749813181917,2.3619710805559713,FALSE,0.5647934027809155,0.4352065972190845,y.rep[20],0.2072025648141168,0.022167609240907958,0.16387737646549916,0.2507145793438604,0.2008032128514056
LATR_2,2,6.65,1.5996,0.7047999999999999,1.5996,0,NA,Rehydrated,20231030,1.0059,0.5902177154786757,0.9997299951616456,3,-0.08513749813181917,2.3619710805559713,FALSE,0.4378089087753355,0.5621910912246645,y.rep[21],0.14178363192599797,0.025979059696412798,0.09077825769245304,0.1925292931719813,0.15037593984962405
LATR_3,3,1.13,1.9269,0.06410000000000005,1.9269,0,NA,Rehydrated,20231030,0.9365,1.0575547250400428,0.9926145710722252,7,-0.07072922593309057,2.0058618759245563,TRUE,0.9261598176423796,0.07384018235762035,y.rep[22],0.8595812102603986,0.02531739624878774,0.809009684426641,0.9082703497862804,0.8849557522123894
LATR_3,3,1.3,1.9164,0.0746,1.9164,0,NA,Rehydrated,20231030,0.9365,1.046342765616658,0.9926145710722252,7,-0.07072922593309057,2.0058618759245563,TRUE,0.9163408777340144,0.0836591222659856,y.rep[23],0.7886117190228819,0.022949013691108903,0.7431108803898249,0.8338974090035138,0.7692307692307692
LATR_3,3,1.46,1.8967,0.09430000000000004,1.8967,0,NA,Rehydrated,20231030,0.9365,1.025306994127069,0.9926145710722252,7,-0.07072922593309057,2.0058618759245563,TRUE,0.8979186761916529,0.10208132380834713,y.rep[24],0.6709089433023898,0.022125915698455314,0.6266174239584682,0.7135553430674442,0.684931506849315
LATR_3,3,1.7,1.8845,0.10650000000000004,1.8845,0,NA,Rehydrated,20231030,0.9365,1.012279765082755,0.9926145710722252,7,-0.07072922593309057,2.0058618759245563,TRUE,0.8865100031552665,0.11348999684473347,y.rep[25],0.6071440053927749,0.023178248761030702,0.5612994558784019,0.6522447820256383,0.5882352941176471
LATR_3,3,2.56,1.8341,0.15690000000000004,1.8341,0,NA,Rehydrated,20231030,0.9365,0.9584623598505072,0.9926145710722252,7,-0.07072922593309057,2.0058618759245563,TRUE,0.8393790915951131,0.16062090840488685,y.rep[26],0.402133258648021,0.02766336406567238,0.3493087466362517,0.45737366948904,0.390625
LATR_3,3,2.87,1.8013,0.1897000000000002,1.8013,0,NA,Rehydrated,20231030,0.9365,0.9234383342231712,0.9926145710722252,7,-0.07072922593309057,2.0058618759245563,TRUE,0.808706593595648,0.191293406404352,y.rep[27],0.3300968142334295,0.02394166708946926,0.28305206133501043,0.376967409270786,0.3484320557491289
LATR_3,3,3.15,1.7789,0.21210000000000015,1.7789,0,NA,Rehydrated,20231030,0.9365,0.8995194874532835,0.9926145710722252,7,-0.07072922593309057,2.0058618759245563,TRUE,0.7877595217911354,0.2122404782088646,y.rep[28],0.3094370366435031,0.02609108014568568,0.25909841062233,0.3611858016010463,0.31746031746031744
LATR_3,3,4.13,1.6605,0.3305,1.6605,0,NA,Rehydrated,20231030,0.9365,0.7730912973838763,0.9926145710722252,7,-0.07072922593309057,2.0058618759245563,FALSE,0.6770392851101403,0.32296071488985967,y.rep[29],0.2446986565465544,0.023066738886692324,0.198766035902958,0.2898803332672374,0.24213075060532688
LATR_3,3,4.57,1.6295,0.36150000000000015,1.6295,0,NA,Rehydrated,20231030,0.9365,0.7399893219434063,0.9926145710722252,7,-0.07072922593309057,2.0058618759245563,FALSE,0.6480500339521093,0.35194996604789075,y.rep[30],0.2289122761010324,0.022326315554544847,0.18456045139137114,0.2725736102651052,0.2188183807439825
LATR_3,3,5.09,1.5752,0.41580000000000017,1.5752,0,NA,Rehydrated,20231030,0.9365,0.6820074746396155,0.9926145710722252,7,-0.07072922593309057,2.0058618759245563,FALSE,0.5972720875688488,0.4027279124311513,y.rep[31],0.20072316251698355,0.02262713516137329,0.15676086720568955,0.24532546862127716,0.19646365422396858
LATR_3,3,5.75,1.5167,0.47430000000000017,1.5167,0,NA,Rehydrated,20231030,0.9365,0.6195408435664709,0.9926145710722252,7,-0.07072922593309057,2.0058618759245563,FALSE,0.5425665652222421,0.4574334347777579,y.rep[32],0.17057647004317977,0.02476241115123904,0.12259723190711261,0.22039268438179502,0.17391304347826086
LATR_4,4,1.53,1.9928,0.03420000000000023,1.9928,0,NA,Rehydrated,20231030,0.9159,1.1757833824653343,0.9975859946998666,3,-0.0812708059948902,2.1152285516955622,TRUE,0.8979190885412693,0.10208091145873066,y.rep[33],0.6481760983913442,0.027436266825384324,0.5951399883805815,0.7033162157639471,0.6535947712418301
LATR_4,4,2.08,1.943,0.08400000000000007,1.943,0,NA,Rehydrated,20231030,0.9159,1.1214106343487278,0.9975859946998666,3,-0.0812708059948902,2.1152285516955622,TRUE,0.856395854620427,0.143604145379573,y.rep[34],0.48522722885450503,0.02513921105549732,0.43527490976155714,0.5336162705321345,0.4807692307692307
LATR_4,4,2.91,1.88,0.14700000000000024,1.88,0,NA,Rehydrated,20231030,0.9159,1.0526258325144664,0.9975859946998666,3,-0.0812708059948902,2.1152285516955622,TRUE,0.8038664623109275,0.1961335376890725,y.rep[35],0.34525964538049664,0.024959504347501084,0.2978528708690663,0.39598382732254167,0.3436426116838488
LATR_4,4,3.17,1.8279,0.19910000000000003,1.8279,0,NA,Rehydrated,20231030,0.9159,0.9957418932197838,0.9975859946998666,3,-0.0812708059948902,2.1152285516955622,FALSE,0.7604254886708496,0.2395745113291504,y.rep[36],0.3076104618036568,0.022720567888034806,0.262936850968433,0.35159872896926175,0.31545741324921134
LATR_4,4,3.29,1.8048,0.22220000000000015,1.8048,0,NA,Rehydrated,20231030,0.9159,0.9705207992138878,0.9975859946998666,3,-0.0812708059948902,2.1152285516955622,FALSE,0.7411647114906996,0.2588352885093004,y.rep[37],0.2978592612252672,0.02228706254817982,0.2545846789157555,0.3418813292273554,0.303951367781155
LATR_4,4,3.46,1.7883,0.2387000000000001,1.7883,0,NA,Rehydrated,20231030,0.9159,0.9525057320668194,0.9975859946998666,3,-0.0812708059948902,2.1152285516955622,FALSE,0.7274070135048784,0.27259298649512165,y.rep[38],0.29086251671112046,0.02202055858503028,0.24787646155963936,0.33446740184883655,0.28901734104046245
LATR_4,4,4.21,1.669,0.3580000000000001,1.669,0,NA,Rehydrated,20231030,0.9159,0.8222513374822579,0.9975859946998666,3,-0.0812708059948902,2.1152285516955622,FALSE,0.6279346880680008,0.3720653119319992,y.rep[39],0.24172907068343388,0.02123394063404207,0.1989605536398147,0.28265152014154155,0.23752969121140144
LATR_4,4,4.55,1.6288,0.3982000000000001,1.6288,0,NA,Rehydrated,20231030,0.9159,0.778360082978491,0.9975859946998666,3,-0.0812708059948902,2.1152285516955622,FALSE,0.5944159329752726,0.4055840670247274,y.rep[40],0.2253019404172415,0.021375288831924095,0.183194489043553,0.2671910164996777,0.21978021978021978
LATR_4,4,5.17,1.5556,0.4714,1.5556,0,NA,Rehydrated,20231030,0.9159,0.6984386941805875,0.9975859946998666,3,-0.0812708059948902,2.1152285516955622,FALSE,0.5333817819109018,0.4666182180890982,y.rep[41],0.19509806592083614,0.02255151665099358,0.15084212142046233,0.2388869197375752,0.19342359767891684
LATR_4,4,6.41,1.4578,0.5692000000000002,1.4578,0,NA,Rehydrated,20231030,0.9159,0.5916584779997816,0.9975859946998666,3,-0.0812708059948902,2.1152285516955622,FALSE,0.4518361538494883,0.5481638461505117,y.rep[42],0.15483392459466103,0.024598201802017463,0.10712354259914052,0.20383465653156732,0.15600624024961
LATR_5,5,2.21,1.4031,0.04400000000000004,1.4031,0,NA,Rehydrated,20231030,0.6535,1.1470543228768173,0.996809900153259,3,-0.09253886010362822,1.6067948186528531,TRUE,0.7863254738542437,0.21367452614575633,y.rep[43],0.44818762574498894,0.024330066338519307,0.4017710720729047,0.49763465545279084,0.45248868778280543
LATR_5,5,2.42,1.3814,0.06570000000000009,1.3814,0,NA,Rehydrated,20231030,0.6535,1.1138485080336649,0.996809900153259,3,-0.09253886010362822,1.6067948186528531,TRUE,0.7635623164601173,0.2364376835398827,y.rep[44],0.41752809546424047,0.022642458119457875,0.3735176678790145,0.4623636817314797,0.4132231404958678
LATR_5,5,2.69,1.3585,0.08860000000000001,1.3585,0,NA,Rehydrated,20231030,0.6535,1.078806426931905,0.996809900153259,3,-0.09253886010362822,1.6067948186528531,TRUE,0.7395403669520302,0.2604596330479698,y.rep[45],0.3878786870636124,0.022367661734717756,0.3433976260312156,0.431407088499229,0.3717472118959108
LATR_5,5,2.97,1.3084,0.13870000000000005,1.3084,0,NA,Rehydrated,20231030,0.6535,1.0021423106350422,0.996809900153259,3,-0.09253886010362822,1.6067948186528531,FALSE,0.6869857961941624,0.31301420380583755,y.rep[46],0.33406618166220065,0.02184099932262449,0.29073722897753246,0.3763202952574153,0.33670033670033667
LATR_5,5,3.11,1.2824,0.16470000000000007,1.2824,0,NA,Rehydrated,20231030,0.6535,0.9623565416985465,0.996809900153259,3,-0.09253886010362822,1.6067948186528531,FALSE,0.6597119670583429,0.3402880329416571,y.rep[47],0.31009142212004664,0.021969495981446537,0.266510872987356,0.3533111550223689,0.3215434083601286
LATR_5,5,3.25,1.2665,0.1806000000000001,1.2665,0,NA,Rehydrated,20231030,0.6535,0.938026013771997,0.996809900153259,3,-0.09253886010362822,1.6067948186528531,FALSE,0.6430329715483609,0.3569670284516391,y.rep[48],0.2964467630491825,0.022295643103227285,0.25302858752098595,0.3404276188502925,0.3076923076923077
LATR_5,5,4.72,1.1422,0.30489999999999995,1.1422,0,NA,Rehydrated,20231030,0.6535,0.7478194338179038,0.996809900153259,3,-0.09253886010362822,1.6067948186528531,FALSE,0.5126430884105776,0.4873569115894224,y.rep[49],0.21114797735163784,0.022513268409439503,0.16701173125988705,0.25597991293373334,0.21186440677966104
LATR_5,5,5.22,1.1095,0.3376000000000001,1.1095,0,NA,Rehydrated,20231030,0.6535,0.6977811782708493,0.996809900153259,3,-0.09253886010362822,1.6067948186528531,FALSE,0.4783410033051429,0.5216589966948572,y.rep[50],0.1931789704868241,0.022583033516035494,0.14821664357995995,0.2369982894549653,0.19157088122605365
LATR_5,5,6.39,1.0534,0.39370000000000016,1.0534,0,NA,Rehydrated,20231030,0.6535,0.6119357306809486,0.996809900153259,3,-0.09253886010362822,1.6067948186528531,FALSE,0.4194924719774706,0.5805075280225294,y.rep[51],0.16474718392182838,0.024467624267128556,0.11584882891932463,0.2121653829135558,0.1564945226917058
LATR_6,6,1.36,4.719,0.01370000000000004,4.719,0,NA,Fresh,20240308,2.1702,1.1744539673762788,0.9988799428988724,5,-0.18212708712510867,4.968561960908442,TRUE,0.9108185558570752,0.08918144414292473,y.rep[52],0.7198949252153324,0.024877870102605445,0.6711097176810457,0.7690429223096209,0.7352941176470588
LATR_6,6,1.57,4.686,0.04670000000000041,4.686,0,NA,Fresh,20240308,2.1702,1.1592479955764443,0.9988799428988724,5,-0.18212708712510867,4.968561960908442,TRUE,0.8990259427280405,0.10097405727195952,y.rep[53],0.6499380191192529,0.022437567461467547,0.6044634837149893,0.6923465682701704,0.6369426751592356
LATR_6,6,1.71,4.6555,0.07720000000000038,4.6555,0,NA,Fresh,20240308,2.1702,1.145193991337204,0.9988799428988724,5,-0.18212708712510867,4.968561960908442,TRUE,0.8881267093815085,0.1118732906184915,y.rep[54],0.5912108037957351,0.021725063154889673,0.5489108339908644,0.6339986419203374,0.5847953216374269
LATR_6,6,1.98,4.6088,0.1239000000000008,4.6088,0,NA,Fresh,20240308,2.1702,1.1236752373053174,0.9988799428988724,5,-0.18212708712510867,4.968561960908442,TRUE,0.8714383750443593,0.12856162495564072,y.rep[55],0.5113987650348317,0.022063151669058638,0.46738607449640046,0.5540500900374233,0.5050505050505051
LATR_6,6,2.27,4.5544,0.17830000000000013,4.5544,0,"pv(""latr_2"", plotonly = T)",Fresh,20240308,2.1702,1.0986084231868032,0.9988799428988724,5,-0.18212708712510867,4.968561960908442,TRUE,0.8519984309771025,0.14800156902289752,y.rep[56],0.4322100019787494,0.023005701237261103,0.3862367094990408,0.47635808683910064,0.44052863436123346
LATR_6,6,2.62,4.5095,0.2232000000000003,4.5095,0,NA,Fresh,20240308,2.1702,1.077919085798544,0.9988799428988724,5,-0.18212708712510867,4.968561960908442,FALSE,0.8359533300833553,0.16404666991664474,y.rep[57],0.3771745057520877,0.02335468478298592,0.3311074565750164,0.42308874997444296,0.38167938931297707
LATR_6,6,2.91,4.4604,0.27230000000000043,4.4604,0,NA,Fresh,20240308,2.1702,1.0552944429084878,0.9988799428988724,5,-0.18212708712510867,4.968561960908442,FALSE,0.8184073511550037,0.18159264884499624,y.rep[58],0.33538760629902564,0.02290344930561064,0.29134361405569137,0.3816476830602181,0.3436426116838488
LATR_6,6,3.38,4.3749,0.3578000000000001,4.3749,0,NA,Fresh,20240308,2.1702,1.0158971523361904,0.9988799428988724,5,-0.18212708712510867,4.968561960908442,FALSE,0.7878537625934141,0.2121462374065859,y.rep[59],0.3048179158439425,0.023412136652187693,0.25875435935956886,0.3505318625953455,0.2958579881656805
LATR_6,6,3.49,4.3014,0.43130000000000024,4.3014,0,NA,Fresh,20240308,2.1702,0.9820293060547416,0.9988799428988724,5,-0.18212708712510867,4.968561960908442,FALSE,0.7615883969878369,0.23841160301216313,y.rep[60],0.2848368059890929,0.022250734423456677,0.2407055301676426,0.32849070517651313,0.28653295128939826
LATR_6,6,3.77,4.2159,0.5167999999999999,4.2159,0,NA,Fresh,20240308,2.1702,0.9426320154824442,0.9988799428988724,5,-0.18212708712510867,4.968561960908442,FALSE,0.7310348084262472,0.26896519157375276,y.rep[61],0.26192556578399667,0.021311024236888763,0.21933585822388924,0.3031181404724402,0.26525198938992045
LATR_6,6,4.18,4.1541,0.5786000000000007,4.1541,0,NA,Fresh,20240308,2.1702,0.9141553773845728,0.9988799428988724,5,-0.18212708712510867,4.968561960908442,FALSE,0.7089504602027821,0.2910495397972179,y.rep[62],0.245235484807941,0.02119951563385103,0.20333022736425876,0.28646483263183153,0.23923444976076558
LATR_6,6,4.44,4.0956,0.6371000000000002,4.0956,0,NA,Fresh,20240308,2.1702,0.8871993364666853,0.9988799428988724,5,-0.18212708712510867,4.968561960908442,FALSE,0.6880453732922209,0.31195462670777907,y.rep[63],0.2296689990641138,0.021403556618155347,0.18789332554223134,0.27166773088789364,0.2252252252252252
LATR_6,6,4.73,4.0515,0.6812000000000005,4.0515,0,"pv(""latr_3"", plotonly = T)",Fresh,20240308,2.1702,0.8668786286978158,0.9988799428988724,5,-0.18212708712510867,4.968561960908442,FALSE,0.6722861539288745,0.3277138460711255,y.rep[64],0.217722485364155,0.021988777192139534,0.17618673772093035,0.2624672327174634,0.2114164904862579
LATR_6,6,4.95,3.9461,0.7866000000000004,3.9461,0,NA,Fresh,20240308,2.1702,0.8183116763431942,0.9988799428988724,5,-0.18212708712510867,4.968561960908442,FALSE,0.6346212622985639,0.36537873770143614,y.rep[65],0.18937950154346703,0.023876684529862916,0.14321791316632174,0.23697892772324192,0.20202020202020202
LATR_7,7,1.32,2.2396,0.02470000000000016,2.2396,0,NA,Fresh,20240308,1.0052,1.2280143255073612,0.9938553877522338,5,-0.0633024333719583,2.3229190034762457,TRUE,0.93677028011553,0.0632297198844699,y.rep[66],0.7494952927473968,0.026221574871131328,0.6975487183218786,0.8005607760510335,0.7575757575757576
LATR_7,7,1.49,2.2253,0.03900000000000014,2.2253,0,NA,Fresh,20240308,1.0052,1.2137883008356545,0.9938553877522338,5,-0.0633024333719583,2.3229190034762457,TRUE,0.9259181940772508,0.07408180592274927,y.rep[67],0.659092817383914,0.022788557835577598,0.6142266767426802,0.704034941992483,0.6711409395973155
LATR_7,7,1.97,2.2023,0.06199999999999983,2.2023,0,NA,Fresh,20240308,1.0052,1.1909072821329088,0.9938553877522338,5,-0.0633024333719583,2.3229190034762457,TRUE,0.9084637899597386,0.09153621004026136,y.rep[68],0.5359611497661744,0.023456588079233166,0.4888001928438688,0.5810264984076915,0.5076142131979695
LATR_7,7,2.32,2.1774,0.08689999999999998,2.1774,0,NA,Fresh,20240308,1.0052,1.1661360923199362,0.9938553877522338,5,-0.0633024333719583,2.3229190034762457,TRUE,0.8895675002846926,0.11043249971530744,y.rep[69],0.42895921468621756,0.026335195580545572,0.3791880098306523,0.48174413464455085,0.4310344827586207
LATR_7,7,2.77,2.1452,0.11909999999999998,2.1452,0,NA,Fresh,20240308,1.0052,1.134102666136092,0.9938553877522338,5,-0.0633024333719583,2.3229190034762457,TRUE,0.8651313345201753,0.13486866547982468,y.rep[70],0.34983619173048075,0.023653354279246766,0.30395329892427886,0.3962522170036563,0.36101083032490977
LATR_7,7,3.12,2.1054,0.15890000000000004,2.1054,0,NA,Fresh,20240308,1.0052,1.0945085555113407,0.9938553877522338,5,-0.0633024333719583,2.3229190034762457,FALSE,0.8349276265255235,0.16507237347447645,y.rep[71],0.322423203672085,0.02376810808867223,0.2753503310293796,0.36857896991635547,0.3205128205128205
LATR_7,7,3.4,2.0605,0.20379999999999976,2.0605,0,NA,Fresh,20240308,1.0052,1.049840827695981,0.9938553877522338,5,-0.0633024333719583,2.3229190034762457,FALSE,0.8008535941395976,0.19914640586040244,y.rep[72],0.29647570292406705,0.022147038398513057,0.25389375325687513,0.34091080739694213,0.29411764705882354
LATR_7,7,3.72,2.0152,0.24909999999999988,2.0152,0,NA,Fresh,20240308,1.0052,1.0047751691205729,0.9938553877522338,5,-0.0633024333719583,2.3229190034762457,FALSE,0.7664760068994536,0.2335239931005464,y.rep[73],0.2702124311635465,0.021298566458958473,0.22768055130415774,0.3112363071610979,0.26881720430107525
LATR_7,7,3.92,1.9691,0.2951999999999999,1.9691,0,NA,Fresh,20240308,1.0052,0.9589136490250696,0.9938553877522338,5,-0.0633024333719583,2.3229190034762457,FALSE,0.7314913099508746,0.26850869004912536,y.rep[74],0.24326785971632817,0.021104594907902483,0.20205692615449916,0.284974249465374,0.25510204081632654
LATR_7,7,4.32,1.9294,0.3349,1.9294,0,NA,Fresh,20240308,1.0052,0.91941902109033,0.9938553877522338,5,-0.0633024333719583,2.3229190034762457,FALSE,0.7013634906697772,0.2986365093302228,y.rep[75],0.22027883690041722,0.021606440328406185,0.17765215404135545,0.26236118374981726,0.23148148148148145
LATR_7,7,4.72,1.9004,0.3638999999999999,1.9004,0,NA,Fresh,20240308,1.0052,0.8905690409868682,0.9938553877522338,5,-0.0633024333719583,2.3229190034762457,FALSE,0.6793557637390009,0.32064423626099914,y.rep[76],0.2033824701849985,0.022470261089877697,0.15905257036447804,0.24712956031318006,0.21186440677966104
LATR_7,7,6.79,1.8553,0.409,1.8553,0,NA,Fresh,20240308,1.0052,0.845702347791484,0.9938553877522338,5,-0.0633024333719583,2.3229190034762457,FALSE,0.6451299539259657,0.3548700460740343,y.rep[77],0.17724675992087852,0.023820737372798027,0.1310209403297648,0.2243330197220304,0.14727540500736377
LATR_8,8,1.66,3.4652,0.03210000000000024,3.4652,0,NA,Fresh,20240308,1.6909,1.0493228458217516,0.998287357028933,3,-0.09771356783919886,3.6279653266331713,TRUE,0.9159732382820176,0.08402676171798251,y.rep[78],0.5878314265245411,0.02506245036289117,0.5389731577587131,0.6369699603703289,0.6024096385542169
LATR_8,8,1.85,3.4482,0.04910000000000014,3.4482,0,NA,Fresh,20240308,1.6909,1.0392690283281092,0.998287357028933,3,-0.09771356783919886,3.6279653266331713,TRUE,0.9071970758231356,0.09280292417686442,y.rep[79],0.5470749183917243,0.022809710330761863,0.5031557886371997,0.5928116097408336,0.5405405405405405
LATR_8,8,2.09,3.4233,0.07400000000000029,3.4233,0,NA,Fresh,20240308,1.6909,1.0245431427050682,0.998287357028933,3,-0.09771356783919886,3.6279653266331713,TRUE,0.894342579045126,0.10565742095487396,y.rep[80],0.4927038449406493,0.02220944620832969,0.4476283781009436,0.5350328459876519,0.47846889952153115
LATR_8,8,2.39,3.3846,0.11270000000000024,3.3846,0,NA,Fresh,20240308,1.6909,1.0016559228813056,0.998287357028933,3,-0.09771356783919886,3.6279653266331713,FALSE,0.8743639033299064,0.12563609667009357,y.rep[81],0.4192575248222218,0.02471340361280025,0.3705762941060006,0.46700540986521444,0.41841004184100417
LATR_8,8,2.7,3.3484,0.14890000000000023,3.3484,0,NA,Fresh,20240308,1.6909,0.9802472056301376,0.998287357028933,3,-0.09771356783919886,3.6279653266331713,FALSE,0.855675839740993,0.14432416025900696,y.rep[82],0.36504031267490383,0.02437560910496338,0.3172459306977824,0.41298788459800423,0.37037037037037035
LATR_8,8,2.92,3.3089,0.18840000000000012,3.3089,0,NA,Fresh,20240308,1.6909,0.956886864983145,0.998287357028933,3,-0.09771356783919886,3.6279653266331713,FALSE,0.8352841681453556,0.16471583185464445,y.rep[83],0.33250041267060254,0.022874233361257233,0.2875066643089289,0.3769366272130755,0.3424657534246575
LATR_8,8,3.25,3.2553,0.242,3.2553,0,NA,Fresh,20240308,1.6909,0.9251877698267196,0.998287357028933,3,-0.09771356783919886,3.6279653266331713,FALSE,0.8076134441573513,0.19238655584264872,y.rep[84],0.3116972526966097,0.023025694539195955,0.2661154899592762,0.3567242630540396,0.3076923076923077
LATR_8,8,3.37,3.1982,0.29910000000000014,3.1982,0,NA,Fresh,20240308,1.6909,0.8914187710686615,0.998287357028933,3,-0.09771356783919886,3.6279653266331713,FALSE,0.7781358631925182,0.22186413680748185,y.rep[85],0.2933839511627817,0.021894000862871958,0.24870033634805358,0.3345310866696966,0.29673590504451036
LATR_8,8,3.66,3.1352,0.36209999999999987,3.1352,0,NA,Fresh,20240308,1.6909,0.8541605062392809,0.998287357028933,3,-0.09771356783919886,3.6279653266331713,FALSE,0.7456124376096027,0.2543875623903973,y.rep[86],0.2733070210245721,0.0212781971146758,0.23113238959559818,0.3146949851868153,0.27322404371584696
LATR_8,8,3.97,3.0775,0.4197999999999999,3.0775,0,NA,Fresh,20240308,1.6909,0.8200366668638004,0.998287357028933,3,-0.09771356783919886,3.6279653266331713,FALSE,0.7158251097344562,0.28417489026554377,y.rep[87],0.2549402249852992,0.021289782918621856,0.21305464579842012,0.2962798121572732,0.2518891687657431
LATR_8,8,4.17,3.0371,0.46019999999999994,3.0371,0,NA,Fresh,20240308,1.6909,0.7961440652906736,0.998287357028933,3,-0.09771356783919886,3.6279653266331713,FALSE,0.6949688177733484,0.3050311822266516,y.rep[88],0.24222152270081623,0.021385363770687442,0.20113475458593935,0.2852161864505154,0.23980815347721823
LATR_8,8,4.58,2.9918,0.5055000000000001,2.9918,0,NA,Fresh,20240308,1.6909,0.7693535986752617,0.998287357028933,3,-0.09771356783919886,3.6279653266331713,FALSE,0.6715829260446805,0.3284170739553195,y.rep[89],0.22760226160710112,0.0216361708601958,0.18404745805767933,0.2686797002748911,0.2183406113537118
LATR_8,8,5.13,2.8621,0.6352000000000002,2.8621,0,NA,Fresh,20240308,1.6909,0.6926488852090601,0.998287357028933,3,-0.09771356783919886,3.6279653266331713,FALSE,0.6046259689319161,0.3953740310680839,y.rep[90],0.18643755377404167,0.024517976137503804,0.13848704406010276,0.23431502151899544,0.19493177387914232
LATR_9,9,1.59,3.2533,0.04059999999999997,3.2429,0.0104,NA,Fresh,20240308,1.5351,1.1192756172236338,0.9931260091980544,6,-0.0866491845753632,3.38713858875644,TRUE,0.9277344491799672,0.07226555082003283,y.rep[91],0.6225789505514295,0.0252771191971708,0.572031196592701,0.671079642474501,0.6289308176100629
LATR_9,9,1.82,3.2261,0.06779999999999964,3.2157,0.0104,NA,Fresh,20240308,1.5351,1.1015569018304998,0.9931260091980544,6,-0.0866491845753632,3.38713858875644,TRUE,0.913047930138124,0.08695206986187587,y.rep[92],0.541163503785444,0.022200125637014307,0.4987732436845457,0.5864582862713159,0.5494505494505494
LATR_9,9,2.01,3.2165,0.07739999999999991,3.2061,0.0104,NA,Fresh,20240308,1.5351,1.0953032375740994,0.9931260091980544,6,-0.0866491845753632,3.38713858875644,TRUE,0.907864452829238,0.09213554717076188,y.rep[93],0.5153715414358707,0.021721774396668198,0.471673260398254,0.5569287384923423,0.49751243781094534
LATR_9,9,2.23,3.188,0.10589999999999966,3.1776,0.0104,NA,Fresh,20240308,1.5351,1.0767376718129114,0.9931260091980544,6,-0.0866491845753632,3.38713858875644,TRUE,0.8924760045684833,0.1075239954315167,y.rep[94],0.4451784837882102,0.022360442580157965,0.3999869162701201,0.4882337687096203,0.4484304932735426
LATR_9,9,2.71,3.1513,0.14259999999999984,3.1409,0.0104,NA,Fresh,20240308,1.5351,1.0528304344993813,0.9931260091980544,6,-0.0866491845753632,3.38713858875644,TRUE,0.872660002773055,0.127339997226945,y.rep[95],0.369469163148629,0.023659001210939234,0.32415910955179456,0.4170896718384253,0.36900369003690037
LATR_9,9,3.09,3.1222,0.17169999999999996,3.1118,0.0104,NA,Fresh,20240308,1.5351,1.0338740147221681,0.9931260091980544,6,-0.0866491845753632,3.38713858875644,TRUE,0.8569475871804947,0.14305241281950531,y.rep[96],0.3283242324908301,0.023201243680547864,0.284006795992193,0.3748070490085371,0.3236245954692557
LATR_9,9,3.58,2.9654,0.3285,2.955,0.0104,NA,Fresh,20240308,1.5351,0.9317308318676308,0.9931260091980544,6,-0.0866491845753632,3.38713858875644,FALSE,0.7722841244686922,0.2277158755313078,y.rep[97],0.28012111686421093,0.02255685860883466,0.23617600786498974,0.32442349006618865,0.27932960893854747
LATR_9,9,3.69,2.9072,0.3866999999999998,2.8968,0.0104,NA,Fresh,20240308,1.5351,0.8938179923132045,0.9931260091980544,6,-0.0866491845753632,3.38713858875644,FALSE,0.7408592932835718,0.2591407067164282,y.rep[98],0.26561872723902585,0.021803652198562236,0.22277696292014557,0.3083778386654896,0.2710027100271003
LATR_9,9,4.03,2.8334,0.4604999999999997,2.823,0.0104,NA,Fresh,20240308,1.5351,0.8457429483421277,0.9931260091980544,6,-0.0866491845753632,3.38713858875644,FALSE,0.7010113114715119,0.29898868852848814,y.rep[99],0.24704729598722758,0.021252932414066224,0.20444624269849737,0.28773931166621286,0.24813895781637715
LATR_9,9,4.34,2.773,0.5208999999999997,2.7626,0.0104,NA,Fresh,20240308,1.5351,0.8063969773956096,0.9931260091980544,6,-0.0866491845753632,3.38713858875644,FALSE,0.6683986000697716,0.3316013999302284,y.rep[100],0.23203637104842467,0.021211368478774445,0.18989698979984734,0.27277194181597725,0.2304147465437788
LATR_9,9,4.49,2.7256,0.5682999999999998,2.7152,0.0104,NA,Fresh,20240308,1.5351,0.7755195101296334,0.9931260091980544,6,-0.0866491845753632,3.38713858875644,FALSE,0.6428051808571477,0.35719481914285234,y.rep[101],0.220378160034157,0.02151746285873619,0.17831525574737744,0.262768277054465,0.22271714922048996
LATR_9,9,4.74,2.691,0.6029,2.6806,0.0104,NA,Fresh,20240308,1.5351,0.7529802618721907,0.9931260091980544,6,-0.0866491845753632,3.38713858875644,FALSE,0.6241230647230381,0.37587693527696187,y.rep[102],0.21171569087537231,0.021978743538579926,0.1677817580480645,0.25401586329941805,0.21097046413502107
LATR_9,9,5.23,2.6086,0.6852999999999998,2.5982,0.0104,NA,Fresh,20240308,1.5351,0.6993029770047555,0.9931260091980544,6,-0.0866491845753632,3.38713858875644,FALSE,0.5796315511551012,0.4203684488448988,y.rep[103],0.19090812334744522,0.023193243863893133,0.14566431251698186,0.2363054322397929,0.19120458891013384
LATR_10,10,1.99,3.2982,0.09719999999999995,3.2862,0,NA,Fresh,20240308,1.4964,1.2040898155573376,0.9898447779080012,5,-0.15708765897786794,3.621322503922287,TRUE,0.847936805541919,0.15206319445808103,y.rep[104],0.49748334128917265,0.026697047428755654,0.4463703018600295,0.5507393860222815,0.5025125628140703
LATR_10,10,2.39,3.256,0.1394000000000002,3.256,0,NA,Fresh,20240308,1.4964,1.1758887997861531,0.9898447779080012,5,-0.15708765897786794,3.621322503922287,TRUE,0.8280772577597738,0.1719227422402262,y.rep[105],0.42735459666062686,0.024376106134976563,0.3780884851941951,0.47418146047792376,0.41841004184100417
LATR_10,10,2.65,3.2108,0.1846000000000001,3.2108,0,NA,Fresh,20240308,1.4964,1.1456829724672548,0.9898447779080012,5,-0.15708765897786794,3.621322503922287,TRUE,0.8068058937845853,0.19319410621541463,y.rep[106],0.3685144026059814,0.025102586068845842,0.3191282347830178,0.41728359785073854,0.37735849056603776
LATR_10,10,3.1,3.1363,0.2591000000000001,3.1363,0,NA,Fresh,20240308,1.4964,1.0958968190323444,0.9898447779080012,5,-0.15708765897786794,3.621322503922287,TRUE,0.7717457916573387,0.2282542083426613,y.rep[107],0.3193834052381774,0.02310724939964825,0.2739557817322753,0.364787843670838,0.3225806451612903
LATR_10,10,3.36,3.0862,0.30920000000000014,3.0862,0,NA,Fresh,20240308,1.4964,1.0624164661855118,0.9898447779080012,5,-0.15708765897786794,3.621322503922287,TRUE,0.7481684612335124,0.25183153876648756,y.rep[108],0.30169132888770217,0.02228271681420909,0.2579295771961011,0.345291424328598,0.2976190476190476
LATR_10,10,3.56,3.025,0.37040000000000006,3.025,0,NA,Fresh,20240308,1.4964,1.0215183106121355,0.9898447779080012,5,-0.15708765897786794,3.621322503922287,FALSE,0.7193674108954253,0.28063258910457467,y.rep[109],0.28258191251607645,0.021750282443579523,0.24021580330781775,0.32584698102966014,0.2808988764044944
LATR_10,10,3.66,2.9758,0.4196,2.9758,0,NA,Fresh,20240308,1.4964,0.9886394012296178,0.9898447779080012,5,-0.15708765897786794,3.621322503922287,FALSE,0.6962136253295121,0.30378637467048786,y.rep[110],0.26733714855109025,0.021289945607639173,0.2243151667777536,0.30832514116643805,0.27322404371584696
LATR_10,10,4,2.932,0.4634,2.932,0,NA,Fresh,20240308,1.4964,0.9593691526329858,0.9898447779080012,5,-0.15708765897786794,3.621322503922287,FALSE,0.6756011089110772,0.32439889108892284,y.rep[111],0.2538211063631278,0.021241983295201744,0.21178278271597487,0.2953499394039631,0.25
LATR_10,10,4.31,2.8975,0.4979,2.8975,0,NA,Fresh,20240308,1.4964,0.936313819834269,0.9898447779080012,5,-0.15708765897786794,3.621322503922287,FALSE,0.6593652226910771,0.3406347773089229,y.rep[112],0.24298459979254405,0.02123233351942112,0.20133702038463733,0.28455289350073537,0.2320185614849188
LATR_10,10,4.68,2.7929,0.6025,2.7929,0,NA,Fresh,20240308,1.4964,0.8664127238706228,0.9898447779080012,5,-0.15708765897786794,3.621322503922287,FALSE,0.6101398980936275,0.38986010190637255,y.rep[113],0.21083362585179646,0.0224926887934675,0.16724349116184878,0.2557583789045259,0.2136752136752137
LATR_10,10,4.95,2.7492,0.6461999999999999,2.7492,0,NA,Fresh,20240308,1.4964,0.8372093023255816,0.9898447779080012,5,-0.15708765897786794,3.621322503922287,FALSE,0.5895744422149607,0.4104255577850393,y.rep[114],0.1971861385136102,0.023462330502951417,0.15129380169868534,0.24302066518800317,0.20202020202020202
LATR_11,11,1.26,4.7428,0.04790000000000027,4.7428,0,NA,Fresh,20240308,1.9769,1.3991097172340532,0.991145415439205,7,-0.17394210526315762,4.947170466165413,TRUE,0.9311946610608652,0.06880533893913476,y.rep[115],0.7898056494486356,0.025289078292421545,0.7394224055276716,0.8386358907687198,0.7936507936507936
LATR_11,11,1.46,4.6908,0.09989999999999988,4.6908,0,NA,Fresh,20240308,1.9769,1.372805908240174,0.991145415439205,7,-0.17394210526315762,4.947170466165413,TRUE,0.9136878378296694,0.08631216217033055,y.rep[116],0.6774973620603548,0.02217551338135784,0.6338078431568961,0.7209807507509001,0.684931506849315
LATR_11,11,1.64,4.6664,0.12429999999999986,4.6664,0,NA,Fresh,20240308,1.9769,1.3604633517122768,0.991145415439205,7,-0.17394210526315762,4.947170466165413,TRUE,0.9054730976981082,0.09452690230189176,y.rep[117],0.6305662433911517,0.021843724523370755,0.5870409646758368,0.6726856801585563,0.6097560975609756
LATR_11,11,1.75,4.6276,0.16310000000000002,4.6276,0,NA,Fresh,20240308,1.9769,1.3408366634629976,0.991145415439205,7,-0.17394210526315762,4.947170466165413,TRUE,0.8924103142102158,0.10758968578978424,y.rep[118],0.5625988230506536,0.02203312510652859,0.5187453026932795,0.6051199012170212,0.5714285714285714
LATR_11,11,2.35,4.526,0.2647000000000004,4.526,0,NA,Fresh,20240308,1.9769,1.2894430674288024,0.991145415439205,7,-0.17394210526315762,4.947170466165413,TRUE,0.8582046749738789,0.14179532502612113,y.rep[119],0.41746674815261,0.024018990382249153,0.36890542969789136,0.463481940964171,0.425531914893617
LATR_11,11,2.75,4.4677,0.3230000000000004,4.4677,0,NA,Fresh,20240308,1.9769,1.2599524508068185,0.991145415439205,7,-0.17394210526315762,4.947170466165413,TRUE,0.838576832774288,0.16142316722571204,y.rep[120],0.3557905358953246,0.02309439319165909,0.3102469822189432,0.4007890311340266,0.36363636363636365
LATR_11,11,3.07,4.425,0.3657000000000003,4.425,0,NA,Fresh,20240308,1.9769,1.2383529768829984,0.991145415439205,7,-0.17394210526315762,4.947170466165413,TRUE,0.8242010375440559,0.17579896245594406,y.rep[121],0.3306271394665558,0.02313910997385315,0.28720943849233355,0.3780592011760696,0.32573289902280134
LATR_11,11,3.4,4.3128,0.4779,4.3128,0,NA,Fresh,20240308,1.9769,1.1815974505538975,0.991145415439205,7,-0.17394210526315762,4.947170466165413,FALSE,0.7864266997259755,0.21357330027402455,y.rep[122],0.3045446236296372,0.022682787715667382,0.2603062368406594,0.3492125743774136,0.29411764705882354
LATR_11,11,3.53,4.2232,0.5674999999999999,4.2232,0,NA,Fresh,20240308,1.9769,1.1362739642875208,0.991145415439205,7,-0.17394210526315762,4.947170466165413,FALSE,0.7562610966199147,0.2437389033800853,y.rep[123],0.28600683955950307,0.021841945272714224,0.24212531424212605,0.3280480265185034,0.28328611898017
LATR_11,11,3.93,4.1018,0.6889000000000003,4.1018,0,NA,Fresh,20240308,1.9769,1.0748646871364256,0.991145415439205,7,-0.17394210526315762,4.947170466165413,FALSE,0.7153893977686223,0.2846106022313777,y.rep[124],0.2605833701047589,0.02108810631841557,0.2196029462678346,0.30216724423753655,0.2544529262086514
LATR_11,11,4.18,3.9822,0.8085,3.9822,0,NA,Fresh,20240308,1.9769,1.0143659264505034,0.991145415439205,7,-0.17394210526315762,4.947170466165413,FALSE,0.6751237043368716,0.32487629566312837,y.rep[125],0.23584740438815194,0.021287237390415232,0.19389238262262973,0.2770612973518282,0.23923444976076558
LATR_11,11,4.54,3.908,0.8827000000000003,3.908,0,NA,Fresh,20240308,1.9769,0.97683241438616,0.991145415439205,7,-0.17394210526315762,4.947170466165413,FALSE,0.650142814264665,0.349857185735335,y.rep[126],0.220320453667877,0.021754436394562593,0.17845026055916421,0.2639242985474723,0.22026431718061673
LATR_11,11,4.72,3.8705,0.9202000000000004,3.8705,0,NA,Fresh,20240308,1.9769,0.9578633213617278,0.991145415439205,7,-0.17394210526315762,4.947170466165413,FALSE,0.6375177013575525,0.3624822986424475,y.rep[127],0.212626145069477,0.021886824732487927,0.17024127544650766,0.256118563865534,0.21186440677966104
LATR_11,11,5.01,3.7612,1.0295,3.7612,0,NA,Fresh,20240308,1.9769,0.9025747382265162,0.991145415439205,7,-0.17394210526315762,4.947170466165413,FALSE,0.6007197056042887,0.39928029439571133,y.rep[128],0.19000134233139496,0.02323598967297021,0.14375264827333709,0.23454527767607442,0.1996007984031936
