"","id","dt","water_pot_mpa","total_weight_g","start_wp","start_weight","mass_lost_g","superID","dry_mass","wc","r2","n","slope","sat_mass_est","keep","rwc","rwc_plotting"
"1",1,2025-03-12 14:11:00,-1.067,1.9925,-1.067,1.9925,2.22044604925031e-16,1,1.0693,0.863368558870289,0.997777738854175,3,0.0665718228507228,2.06324009901695,TRUE,0.928828609403211,0.0711713905967895
"2",1,2025-03-12 14:26:00,-1.212,1.982,-1.067,1.9925,0.0105000000000002,1,1.0693,0.853549050780885,0.997777738854175,3,0.0665718228507228,2.06324009901695,TRUE,0.918264592506835,0.0817354074931647
"3",1,2025-03-12 15:01:00,-1.373,1.9721,-1.067,1.9925,0.0204000000000002,1,1.0693,0.844290657439446,0.997777738854175,3,0.0665718228507228,2.06324009901695,TRUE,0.908304233718824,0.0916957662811763
"4",1,2025-03-12 15:42:00,-1.613,1.9621,-1.067,1.9925,0.0304,1,1.0693,0.834938744973347,0.997777738854175,3,0.0665718228507228,2.06324009901695,FALSE,0.898243265246086,0.101756734753914
"5",1,2025-03-12 17:40:00,-1.967,1.9387,-1.067,1.9925,0.0537999999999996,1,1.0693,0.813055269802675,0.997777738854175,3,0.0665718228507228,2.06324009901695,FALSE,0.874700599019878,0.125299400980122
"6",1,2025-03-12 18:39:00,-2.123,1.9298,-1.067,1.9925,0.0627000000000002,1,1.0693,0.804732067707846,0.997777738854175,3,0.0665718228507228,2.06324009901695,FALSE,0.86574633707914,0.13425366292086
"7",1,2025-03-12 19:43:00,-2.229,1.9203,-1.067,1.9925,0.0721999999999996,1,1.0693,0.795847750865052,0.997777738854175,3,0.0665718228507228,2.06324009901695,FALSE,0.85618841703004,0.14381158296996
"8",1,2025-03-12 20:28:00,-2.348,1.9137,-1.067,1.9925,0.0787999999999993,1,1.0693,0.789675488637427,0.997777738854175,3,0.0665718228507228,2.06324009901695,FALSE,0.849548177838033,0.150451822161967
"9",1,2025-03-12 21:37:00,-2.557,1.9031,-1.067,1.9925,0.0893999999999995,1,1.0693,0.779762461423362,0.997777738854175,3,0.0665718228507228,2.06324009901695,FALSE,0.83888355125693,0.16111644874307
"10",1,2025-03-12 22:45:00,-2.758,1.8949,-1.067,1.9925,0.0975999999999999,1,1.0693,0.77209389320116,0.997777738854175,3,0.0665718228507228,2.06324009901695,FALSE,0.830633557109284,0.169366442890716
"11",1,2025-03-13 00:16:00,-2.987,1.8831,-1.067,1.9925,0.1094,1,1.0693,0.761058636491163,0.997777738854175,3,0.0665718228507228,2.06324009901695,FALSE,0.818761614311452,0.181238385688548
"12",1,2025-03-13 01:35:00,-3.235,1.8729,-1.067,1.9925,0.119599999999999,1,1.0693,0.751519685775742,0.997777738854175,3,0.0665718228507228,2.06324009901695,FALSE,0.80849942646926,0.19150057353074
"13",1,2025-03-13 02:44:00,-3.301,1.8633,-1.067,1.9925,0.1292,1,1.0693,0.742541849808286,0.997777738854175,3,0.0665718228507228,2.06324009901695,FALSE,0.79884089673543,0.20115910326457
"14",1,2025-03-13 04:20:00,-3.495,1.8504,-1.067,1.9925,0.1421,1,1.0693,0.730477882727018,0.997777738854175,3,0.0665718228507228,2.06324009901695,FALSE,0.785862247405598,0.214137752594402
"15",1,2025-03-13 06:31:00,-3.735,1.8351,-1.067,1.9925,0.1574,1,1.0693,0.716169456653886,0.997777738854175,3,0.0665718228507228,2.06324009901695,FALSE,0.770468965642308,0.229531034357692
"16",1,2025-03-13 08:40:00,-3.95,1.8195,-1.067,1.9925,0.173,1,1.0693,0.701580473206771,0.997777738854175,3,0.0665718228507228,2.06324009901695,FALSE,0.754773854824836,0.245226145175164
"17",1,2025-03-13 10:47:00,-4.225,1.8019,-1.067,1.9925,0.1906,1,1.0693,0.685121107266436,0.997777738854175,3,0.0665718228507228,2.06324009901695,FALSE,0.737066550312817,0.262933449687183
"18",3,2025-03-12 16:44:00,-1.227,8.1808,-1.093,8.2263,0.0455000000000005,2,4.5902,0.782231711036556,0.997043210047369,4,0.210600648064351,8.441772607479,TRUE,0.932242583984462,0.0677574160155379
"19",3,2025-03-12 17:49:00,-1.561,8.1184,-1.093,8.2263,0.107899999999999,2,4.5902,0.768637532133676,0.997043210047369,4,0.210600648064351,8.441772607479,TRUE,0.916041409461923,0.083958590538077
"20",3,2025-03-12 18:47:00,-1.775,8.0665,-1.093,8.2263,0.159799999999999,2,4.5902,0.757330835257723,0.997043210047369,4,0.210600648064351,8.441772607479,TRUE,0.902566394113849,0.0974336058861507
"21",3,2025-03-12 19:49:00,-1.964,8.0268,-1.093,8.2263,0.199499999999999,2,4.5902,0.748681974641628,0.997043210047369,4,0.210600648064351,8.441772607479,TRUE,0.892258916092298,0.107741083907702
"22",3,2025-03-12 21:45:00,-2.301,7.9704,-1.093,8.2263,0.2559,2,4.5902,0.736394928325563,0.997043210047369,4,0.210600648064351,8.441772607479,FALSE,0.87761554681231,0.12238445318769
"23",3,2025-03-12 23:02:00,-2.489,7.9394,-1.093,8.2263,0.2869,2,4.5902,0.72964140996035,0.997043210047369,4,0.210600648064351,8.441772607479,FALSE,0.869566886392458,0.130433113607542
"24",3,2025-03-13 00:21:00,-2.591,7.9063,-1.093,8.2263,0.319999999999999,2,4.5902,0.722430395189752,0.997043210047369,4,0.210600648064351,8.441772607479,FALSE,0.860972994137714,0.139027005862286
"25",3,2025-03-13 02:03:00,-2.813,7.821,-1.093,8.2263,0.405299999999999,2,4.5902,0.70384732691386,0.997043210047369,4,0.210600648064351,8.441772607479,FALSE,0.838826196272768,0.161173803727232
"26",3,2025-03-13 03:55:00,-2.989,7.7832,-1.093,8.2263,0.4431,2,4.5902,0.695612391616923,0.997043210047369,4,0.210600648064351,8.441772607479,FALSE,0.829012023244691,0.170987976755309
"27",3,2025-03-13 06:15:00,-3.168,7.7392,-1.093,8.2263,0.487100000000001,2,4.5902,0.686026752646943,0.997043210047369,4,0.210600648064351,8.441772607479,FALSE,0.817588118132644,0.182411881867356
"28",3,2025-03-13 08:55:00,-3.343,7.6925,-1.093,8.2263,0.5338,2,4.5902,0.675852904012897,0.997043210047369,4,0.210600648064351,8.441772607479,FALSE,0.805463200661449,0.194536799338551
"29",3,2025-03-13 10:29:00,-3.528,7.6577,-1.093,8.2263,0.568600000000001,2,4.5902,0.668271535009368,0.997043210047369,4,0.210600648064351,8.441772607479,FALSE,0.796427930254648,0.203572069745352
"30",3,2025-03-13 12:00:00,-3.686,7.6092,-1.093,8.2263,0.6171,2,4.5902,0.657705546599277,0.997043210047369,4,0.210600648064351,8.441772607479,FALSE,0.783835671210687,0.216164328789313
"31",3,2025-03-13 14:01:00,-3.838,7.5738,-1.093,8.2263,0.652500000000001,2,4.5902,0.649993464337066,0.997043210047369,4,0.210600648064351,8.441772607479,FALSE,0.77464462027963,0.22535537972037
"32",4,2025-03-12 18:59:00,-1.343,2.7907,-1.113,2.8165,0.0258000000000003,3,1.4735,0.893926026467594,0.999868375954595,3,0.0698987103096301,2.88442857799678,TRUE,0.933569580020942,0.066430419979058
"33",4,2025-03-12 19:38:00,-1.562,2.775,-1.113,2.8165,0.0415000000000001,3,1.4735,0.883271123176111,0.999868375954595,3,0.0698987103096301,2.88442857799678,TRUE,0.922442156390264,0.0775578436097356
"34",4,2025-03-12 20:24:00,-1.876,2.7534,-1.113,2.8165,0.0631000000000004,3,1.4735,0.868612147947065,0.999868375954595,3,0.0698987103096301,2.88442857799678,TRUE,0.907133089484364,0.0928669105156364
"35",4,2025-03-12 21:18:00,-2.168,2.7356,-1.113,2.8165,0.0809000000000006,3,1.4735,0.856532066508313,0.999868375954595,3,0.0698987103096301,2.88442857799678,FALSE,0.894517284348945,0.105482715651055
"36",4,2025-03-12 22:18:00,-2.408,2.7212,-1.113,2.8165,0.0952999999999999,3,1.4735,0.846759416355616,0.999868375954595,3,0.0698987103096301,2.88442857799678,FALSE,0.884311239745012,0.115688760254988
"37",4,2025-03-12 23:20:00,-2.531,2.7097,-1.113,2.8165,0.106800000000001,3,1.4735,0.838954869358669,0.999868375954595,3,0.0698987103096301,2.88442857799678,FALSE,0.876160579123814,0.123839420876186
"38",4,2025-03-13 00:48:00,-2.72,2.6942,-1.113,2.8165,0.1223,3,1.4735,0.828435697319308,0.999868375954595,3,0.0698987103096301,2.88442857799678,FALSE,0.865174906112636,0.134825093887364
"39",4,2025-03-13 02:21:00,-2.843,2.6788,-1.113,2.8165,0.137700000000001,3,1.4735,0.817984390906006,0.999868375954595,3,0.0698987103096301,2.88442857799678,FALSE,0.854260108411206,0.145739891588794
"40",4,2025-03-13 04:06:00,-2.968,2.6627,-1.113,2.8165,0.153800000000001,3,1.4735,0.807058025110281,0.999868375954595,3,0.0698987103096301,2.88442857799678,FALSE,0.84284918354153,0.15715081645847
"41",4,2025-03-13 06:20:00,-3.403,2.643,-1.113,2.8165,0.1735,3,1.4735,0.793688496776383,0.999868375954595,3,0.0698987103096301,2.88442857799678,FALSE,0.828886747520871,0.171113252479129
"42",4,2025-03-13 08:14:00,-3.546,2.6224,-1.113,2.8165,0.1941,3,1.4735,0.77970817780794,0.999868375954595,3,0.0698987103096301,2.88442857799678,FALSE,0.814286433712466,0.185713566287534
"43",4,2025-03-13 09:22:00,-3.668,2.6079,-1.113,2.8165,0.208600000000001,3,1.4735,0.769867662029182,0.999868375954595,3,0.0698987103096301,2.88442857799678,FALSE,0.804009513798782,0.195990486201218
"44",4,2025-03-13 11:28:00,-3.98,2.5716,-1.113,2.8165,0.2449,3,1.4735,0.745232439769257,0.999868375954595,3,0.0698987103096301,2.88442857799678,FALSE,0.7782817763597,0.2217182236403
"45",4,NA,NA,NA,-1.113,2.8165,NA,3,1.4735,NA,0.999868375954595,3,0.0698987103096301,2.88442857799678,FALSE,NA,NA
"46",5,2025-03-12 20:53:00,-0.996,3.3955,-0.996,3.3955,4.44089209850063e-16,4,1.8918,0.794851464213976,0.999132922380431,4,0.100886709845917,3.49526326421155,TRUE,0.937782631858046,0.0622173681419536
"47",5,2025-03-12 21:24:00,-1.15,3.3783,-0.996,3.3955,0.0172000000000003,4,1.8918,0.785759594037425,0.999132922380431,4,0.100886709845917,3.49526326421155,TRUE,0.927055850406987,0.0729441495930131
"48",5,2025-03-12 22:08:00,-1.323,3.3617,-0.996,3.3955,0.0338000000000007,4,1.8918,0.776984882122846,0.999132922380431,4,0.100886709845917,3.49526326421155,TRUE,0.916703259006545,0.0832967409934546
"49",5,2025-03-12 22:56:00,-1.553,3.3389,-0.996,3.3955,0.0566,4,1.8918,0.764932868167883,0.999132922380431,4,0.100886709845917,3.49526326421155,TRUE,0.902484037083048,0.0975159629169519
"50",5,2025-03-13 00:02:00,-1.958,3.3141,-0.996,3.3955,0.0813999999999999,4,1.8918,0.751823660006343,0.999132922380431,4,0.100886709845917,3.49526326421155,FALSE,0.887017514990823,0.112982485009177
"51",5,2025-03-13 01:02:00,-2.124,3.2988,-0.996,3.3955,0.0967000000000007,4,1.8918,0.743736124326039,0.999132922380431,4,0.100886709845917,3.49526326421155,FALSE,0.877475668700054,0.122524331299946
"52",5,2025-03-13 02:15:00,-2.251,3.2818,-0.996,3.3955,0.1137,4,1.8918,0.734749973570145,0.999132922380431,4,0.100886709845917,3.49526326421155,FALSE,0.866873617265867,0.133126382734133
"53",5,2025-03-13 03:49:00,-2.51,3.2642,-0.996,3.3955,0.1313,4,1.8918,0.725446664552278,0.999132922380431,4,0.100886709845917,3.49526326421155,FALSE,0.855897375781062,0.144102624218938
"54",5,2025-03-13 05:23:00,-2.653,3.2463,-0.996,3.3955,0.1492,4,1.8918,0.715984776403426,0.999132922380431,4,0.100886709845917,3.49526326421155,FALSE,0.844734039270948,0.155265960729052
"55",5,2025-03-13 07:20:00,-2.883,3.2266,-0.996,3.3955,0.1689,4,1.8918,0.705571413468654,0.999132922380431,4,0.100886709845917,3.49526326421155,FALSE,0.832448132608978,0.167551867391022
"56",5,2025-03-13 08:34:00,-2.958,3.2174,-0.996,3.3955,0.1781,4,1.8918,0.700708320118406,0.999132922380431,4,0.100886709845917,3.49526326421155,FALSE,0.82671055183283,0.17328944816717
"57",5,2025-03-13 10:39:00,-3.234,3.1902,-0.996,3.3955,0.205300000000001,4,1.8918,0.686330478908975,0.999132922380431,4,0.100886709845917,3.49526326421155,FALSE,0.809747269538131,0.190252730461869
"58",5,2025-03-13 12:46:00,-3.498,3.1544,-0.996,3.3955,0.2411,4,1.8918,0.66740670261127,0.999132922380431,4,0.100886709845917,3.49526326421155,FALSE,0.787420596517902,0.212579403482098
"59",5,2025-03-13 14:57:00,-3.934,3.1201,-0.996,3.3955,0.275400000000001,4,1.8918,0.649275821968495,0.999132922380431,4,0.100886709845917,3.49526326421155,FALSE,0.766029398624219,0.233970601375781
"60",6,2025-03-12 23:52:00,-1.387,8.451,-1.318,8.4901,0.0391000000000012,5,4.6606,0.813285843024503,0.976399372371874,6,0.243095802356461,8.7652504802553,TRUE,0.923440380181712,0.0765596198182878
"61",6,2025-03-13 00:28:00,-1.538,8.3578,-1.318,8.4901,0.132300000000001,5,4.6606,0.793288417800283,0.976399372371874,6,0.243095802356461,8.7652504802553,TRUE,0.90073442739759,0.0992655726024096
"62",6,2025-03-13 01:30:00,-2.223,8.2365,-1.318,8.4901,0.2536,5,4.6606,0.767261725958031,0.976399372371874,6,0.243095802356461,8.7652504802553,TRUE,0.871182581123835,0.128817418876165
"63",6,2025-03-13 02:07:00,-2.325,8.2126,-1.318,8.4901,0.2775,5,4.6606,0.762133630862979,0.976399372371874,6,0.243095802356461,8.7652504802553,TRUE,0.865359917266105,0.134640082733895
"64",6,2025-03-13 03:08:00,-2.54,8.1397,-1.318,8.4901,0.3504,5,4.6606,0.746491867999828,0.976399372371874,6,0.243095802356461,8.7652504802553,TRUE,0.847599574369511,0.152400425630489
"65",6,2025-03-13 04:13:00,-2.689,8.1061,-1.318,8.4901,0.384,5,4.6606,0.739282495815989,0.976399372371874,6,0.243095802356461,8.7652504802553,TRUE,0.839413737314291,0.160586262685709
"66",6,2025-03-13 05:40:00,-2.824,8.0419,-1.318,8.4901,0.4482,5,4.6606,0.725507445393297,0.976399372371874,6,0.243095802356461,8.7652504802553,FALSE,0.823772941512353,0.176227058487647
"67",6,2025-03-13 07:40:00,-2.935,7.9523,-1.318,8.4901,0.537800000000001,5,4.6606,0.70628245290306,0.976399372371874,6,0.243095802356461,8.7652504802553,FALSE,0.801944042698433,0.198055957301567
"68",6,2025-03-13 10:20:00,-3.115,7.8832,-1.318,8.4901,0.6069,5,4.6606,0.691456035703558,0.976399372371874,6,0.243095802356461,8.7652504802553,FALSE,0.78510947899261,0.21489052100739
"69",6,2025-03-13 12:13:00,-3.423,7.8188,-1.318,8.4901,0.6713,5,4.6606,0.6776380723512,0.976399372371874,6,0.243095802356461,8.7652504802553,FALSE,0.769419957970105,0.230580042029895
"70",6,2025-03-13 14:10:00,-3.656,7.7571,-1.318,8.4901,0.733000000000001,5,4.6606,0.664399433549328,0.976399372371874,6,0.243095802356461,8.7652504802553,FALSE,0.754388227425251,0.245611772574749
"71",7,2025-03-13 02:32:00,-0.89,1.7695,-0.734,1.7764,0.00690000000000012,6,0.9064,0.952228596646073,0.990501322610867,9,0.0531702153726134,1.81045804483877,TRUE,0.954695337237916,0.0453046627620837
"72",7,2025-03-13 03:27:00,-1.157,1.7466,-0.734,1.7764,0.0298,6,0.9064,0.926963812886143,0.990501322610867,9,0.0531702153726134,1.81045804483877,TRUE,0.929365105256977,0.0706348947430226
"73",7,2025-03-13 04:30:00,-1.557,1.7248,-0.734,1.7764,0.0515999999999999,6,0.9064,0.902912621359223,0.990501322610867,9,0.0531702153726134,1.81045804483877,TRUE,0.905251609310058,0.0947483906899423
"74",7,2025-03-13 05:41:00,-1.78,1.7116,-0.734,1.7764,0.0648000000000002,6,0.9064,0.888349514563107,0.990501322610867,9,0.0531702153726134,1.81045804483877,TRUE,0.890650776901831,0.109349223098169
"75",7,2025-03-13 07:11:00,-2.063,1.6989,-0.734,1.7764,0.0774999999999999,6,0.9064,0.874338040600177,0.990501322610867,9,0.0531702153726134,1.81045804483877,TRUE,0.876603006327249,0.123396993672751
"76",7,2025-03-13 08:50:00,-2.382,1.6862,-0.734,1.7764,0.0901999999999996,6,0.9064,0.860326566637247,0.990501322610867,9,0.0531702153726134,1.81045804483877,TRUE,0.862555235752668,0.137444764247332
"77",7,2025-03-13 10:01:00,-2.51,1.6771,-0.734,1.7764,0.0992999999999997,6,0.9064,0.850286849073257,0.990501322610867,9,0.0531702153726134,1.81045804483877,TRUE,0.85248951038033,0.14751048961967
"78",7,2025-03-13 11:15:00,-2.838,1.662,-0.734,1.7764,0.1144,6,0.9064,0.833627537511033,0.990501322610867,9,0.0531702153726134,1.81045804483877,TRUE,0.835787043004251,0.164212956995749
"79",7,NA,NA,NA,-0.734,1.7764,NA,6,0.9064,NA,0.990501322610867,9,0.0531702153726134,1.81045804483877,TRUE,NA,NA
