"","id","dt","water_pot_mpa","total_weight_g","total_dry_weight_g","start_weight","mass_lost_g","superID","dry_mass","wc","r2","n","slope","sat_mass_est","keep","rwc","rwc_plotting"
"1","2b",2025-03-12 15:10:00,-1.013,1.7372,NA,1.7372,0,1,0.8676,1.00230520977409,0.999742256594122,3,0.24208787445356,1.98278735671549,TRUE,0.779779285304302,0.220220714695698
"2","2b",2025-03-12 15:14:00,-1.111,1.7144,NA,1.7372,0.0228000000000002,1,0.8676,0.97602581834947,0.999742256594122,3,0.24208787445356,1.98278735671549,TRUE,0.759334290243425,0.240665709756575
"3","2b",2025-03-12 15:21:00,-1.268,1.6756,NA,1.7372,0.0616000000000003,1,0.8676,0.931304748732134,0.999742256594122,3,0.24208787445356,1.98278735671549,TRUE,0.724541930227548,0.275458069772452
"4","2b",2025-03-12 15:35:00,-1.543,1.6319,NA,1.7372,0.1053,1,0.8676,0.88093591516828,0.999742256594122,3,0.24208787445356,1.98278735671549,FALSE,0.685355689694202,0.314644310305798
"5","2b",2025-03-12 15:59:00,-2.223,1.5758,NA,1.7372,0.1614,1,0.8676,0.816274781005071,0.999742256594122,3,0.24208787445356,1.98278735671549,FALSE,0.635050241320729,0.364949758679271
"6","2b",2025-03-12 16:10:00,-2.368,1.5575,NA,1.7372,0.1797,1,0.8676,0.795182111572153,0.999742256594122,3,0.24208787445356,1.98278735671549,FALSE,0.618640442653447,0.381359557346553
"7","2b",2025-03-12 16:26:00,-2.61,1.535,NA,1.7372,0.2022,1,0.8676,0.769248501613647,0.999742256594122,3,0.24208787445356,1.98278735671549,FALSE,0.598464460685477,0.401535539314523
"8","2b",2025-03-12 16:46:00,-2.71,1.5193,NA,1.7372,0.2179,1,0.8676,0.751152604887045,0.999742256594122,3,0.24208787445356,1.98278735671549,FALSE,0.584386108823382,0.415613891176618
"9","2b",2025-03-12 17:12:00,-2.863,1.5044,NA,1.7372,0.2328,1,0.8676,0.733978792070078,0.999742256594122,3,0.24208787445356,1.98278735671549,FALSE,0.571025125209038,0.428974874790962
"10","2b",2025-03-12 17:38:00,-2.968,1.4901,NA,1.7372,0.2471,1,0.8676,0.717496542185339,0.999742256594122,3,0.24208787445356,1.98278735671549,FALSE,0.558202167780506,0.441797832219494
"11","2b",2025-03-12 18:32:00,-3.153,1.4701,NA,1.7372,0.2671,1,0.8676,0.694444444444444,0.999742256594122,3,0.24208787445356,1.98278735671549,FALSE,0.540267961586754,0.459732038413246
"12","2b",2025-03-12 19:14:00,-3.256,1.4558,NA,1.7372,0.2814,1,0.8676,0.677962194559705,0.999742256594122,3,0.24208787445356,1.98278735671549,FALSE,0.527445004158222,0.472554995841778
"13","2b",2025-03-12 20:37:00,-3.532,1.4174,NA,1.7372,0.3198,1,0.8676,0.633702166897188,0.999742256594122,3,0.24208787445356,1.98278735671549,FALSE,0.49301132826622,0.50698867173378
"14","2b",2025-03-12 21:59:00,-3.818,1.3929,NA,1.7372,0.3443,1,0.8676,0.605463347164592,0.999742256594122,3,0.24208787445356,1.98278735671549,FALSE,0.471041925678875,0.528958074321125
"15","2b",2025-03-12 23:42:00,-4.063,1.3537,NA,1.7372,0.3835,1,0.8676,0.560281235592439,0.999742256594122,3,0.24208787445356,1.98278735671549,FALSE,0.435890881539123,0.564109118460877
"16","2b",2025-03-13 01:20:00,-4.658,1.3171,NA,1.7372,0.4201,1,0.8676,0.518095896726602,0.999742256594122,3,0.24208787445356,1.98278735671549,FALSE,0.403071284204558,0.596928715795442
"17","2b",2025-03-13 03:25:00,-5.098,1.2803,NA,1.7372,0.4569,1,0.8676,0.475680036883356,0.999742256594122,3,0.24208787445356,1.98278735671549,FALSE,0.370072344808056,0.629927655191944
"18","2b",2025-03-13 05:32:00,-5.308,1.2572,NA,1.7372,0.48,1,0.8676,0.449054863992624,0.999742256594122,3,0.24208787445356,1.98278735671549,FALSE,0.349358336654273,0.650641663345727
"19","2b",2025-03-13 07:38:00,-5.793,1.2241,NA,1.7372,0.5131,1,0.8676,0.410903642231443,0.999742256594122,3,0.24208787445356,1.98278735671549,FALSE,0.319677225403615,0.680322774596385
"20","3a",2025-03-12 17:07:00,-2.16,2.4743,NA,2.4743,4.44089209850063e-16,2,1.2583,0.966383215449416,0.970678071406447,11,0.190257245909104,2.81344507027186,TRUE,0.781920621583829,0.218079378416171
"21","3a",2025-03-12 17:33:00,-2.313,2.3689,NA,2.4743,0.1054,2,1.2583,0.882619407136613,0.970678071406447,11,0.190257245909104,2.81344507027186,TRUE,0.714145594022204,0.285854405977796
"22","3a",2025-03-12 18:44:00,-2.569,2.3051,NA,2.4743,0.1692,2,1.2583,0.83191607724708,0.970678071406447,11,0.190257245909104,2.81344507027186,TRUE,0.673120482462132,0.326879517537868
"23","3a",2025-03-12 19:28:00,-2.712,2.2789,NA,2.4743,0.1954,2,1.2583,0.811094333624732,0.970678071406447,11,0.190257245909104,2.81344507027186,TRUE,0.656273179595769,0.343726820404231
"24","3a",2025-03-12 20:23:00,-2.93,2.2362,NA,2.4743,0.2381,2,1.2583,0.77715965985854,0.970678071406447,11,0.190257245909104,2.81344507027186,TRUE,0.628815934084561,0.371184065915439
"25","3a",2025-03-12 21:33:00,-3.086,2.2018,NA,2.4743,0.2725,2,1.2583,0.74982118731622,0.970678071406447,11,0.190257245909104,2.81344507027186,TRUE,0.606695811237124,0.393304188762876
"26","3a",2025-03-12 22:51:00,-3.378,2.1585,NA,2.4743,0.3158,2,1.2583,0.715409679726615,0.970678071406447,11,0.190257245909104,2.81344507027186,TRUE,0.578852749629739,0.421147250370261
"27","3a",2025-03-13 00:33:00,-3.75,2.1006,NA,2.4743,0.3737,2,1.2583,0.669395215767305,0.970678071406447,11,0.190257245909104,2.81344507027186,TRUE,0.541621496348733,0.458378503651267
"28","3a",2025-03-13 02:50:00,-4.107,2.0387,NA,2.4743,0.4356,2,1.2583,0.620201859651911,0.970678071406447,11,0.190257245909104,2.81344507027186,TRUE,0.501818135759885,0.498181864240115
"29","3a",2025-03-13 05:13:00,-4.258,1.9942,NA,2.4743,0.4801,2,1.2583,0.584836684415481,0.970678071406447,11,0.190257245909104,2.81344507027186,TRUE,0.473203441960148,0.526796558039852
"30","3a",2025-03-13 08:25:00,-4.795,1.9304,NA,2.4743,0.5439,2,1.2583,0.534133354525948,0.970678071406447,11,0.190257245909104,2.81344507027186,TRUE,0.432178330400075,0.567821669599925
"31","3a",2025-03-13 11:07:00,-5.243,1.8819,NA,2.4743,0.5924,2,1.2583,0.495589287133434,0.970678071406447,11,0.190257245909104,2.81344507027186,FALSE,0.400991529292496,0.599008470707504
"32","4a",2025-03-13 01:37:00,-1.348,1.7507,NA,1.7507,0,3,1.0066,0.739221140472879,0.987298973740984,8,0.191063053069113,1.99032872131527,TRUE,0.756407720824824,0.243592279175176
"33","4a",2025-03-13 01:55:00,-1.596,1.6699,NA,1.7507,0.0807999999999998,3,1.0066,0.658950923902245,0.987298973740984,8,0.191063053069113,1.99032872131527,TRUE,0.674271255507467,0.325728744492533
"34","4a",2025-03-13 02:25:00,-2.008,1.6032,NA,1.7507,0.1475,3,1.0066,0.592688257500497,0.987298973740984,8,0.191063053069113,1.99032872131527,TRUE,0.606468010004153,0.393531989995847
"35","4a",2025-03-13 02:56:00,-2.224,1.5632,NA,1.7507,0.1875,3,1.0066,0.552950526524935,0.987298973740984,8,0.191063053069113,1.99032872131527,TRUE,0.565806393510411,0.434193606489589
"36","4a",2025-03-13 04:00:00,-2.374,1.5235,NA,1.7507,0.2272,3,1.0066,0.513510828531691,0.987298973740984,8,0.191063053069113,1.99032872131527,TRUE,0.525449739140373,0.474550260859627
"37","4a",2025-03-13 04:46:00,-2.567,1.5078,NA,1.7507,0.2429,3,1.0066,0.497913769123784,0.987298973740984,8,0.191063053069113,1.99032872131527,TRUE,0.50949005466658,0.49050994533342
"38","4a",2025-03-13 06:01:00,-2.658,1.4846,NA,1.7507,0.2661,3,1.0066,0.474865885157958,0.987298973740984,8,0.191063053069113,1.99032872131527,TRUE,0.48590631710021,0.51409368289979
"39","4a",2025-03-13 07:02:00,-2.778,1.466,NA,1.7507,0.2847,3,1.0066,0.456387840254322,0.987298973740984,8,0.191063053069113,1.99032872131527,TRUE,0.46699866543062,0.53300133456938
"40","4a",2025-03-13 09:09:00,-3.068,1.4313,NA,1.7507,0.3194,3,1.0066,0.421915358633022,0.987298973740984,8,0.191063053069113,1.99032872131527,FALSE,0.4317247131223,0.5682752868777
"41","4a",2025-03-13 11:17:00,-3.326,1.4074,NA,1.7507,0.3433,3,1.0066,0.398172064375124,0.987298973740984,8,0.191063053069113,1.99032872131527,FALSE,0.407429397267289,0.592570602732711
"42","4a",2025-03-13 13:16:00,-3.74,1.3711,NA,1.7507,0.379599999999999,3,1.0066,0.362110073514803,0.987298973740984,8,0.191063053069113,1.99032872131527,FALSE,0.370528980299219,0.629471019700781
"43","4a",2025-03-13 15:21:00,-4.125,1.3391,NA,1.7507,0.4116,3,1.0066,0.330319888734354,0.987298973740984,8,0.191063053069113,1.99032872131527,FALSE,0.337999687104226,0.662000312895774
"44","4a",NA,NA,NA,NA,1.7507,NA,3,1.0066,NA,0.987298973740984,8,0.191063053069113,1.99032872131527,FALSE,NA,NA
"45","5b",2025-03-12 23:25:00,-2.39,3.5279,NA,3.5279,4.44089209850063e-16,4,2.4518,0.43890203116078,0.979911549309325,4,0.457845051247144,4.60388645611241,TRUE,0.500026379954965,0.499973620045035
"46","5b",2025-03-12 23:51:00,-2.489,3.4392,NA,3.5279,0.0886999999999998,4,2.4518,0.40272452891753,0.979911549309325,4,0.457845051247144,4.60388645611241,TRUE,0.458810563672087,0.541189436327913
"47","5b",2025-03-13 00:43:00,-2.729,3.3607,NA,3.5279,0.1672,4,2.4518,0.370707235500449,0.979911549309325,4,0.457845051247144,4.60388645611241,TRUE,0.422334333929066,0.577665666070934
"48","5b",2025-03-13 03:10:00,-3.016,3.2236,NA,3.5279,0.3043,4,2.4518,0.314789134513419,0.979911549309325,4,0.457845051247144,4.60388645611241,TRUE,0.358628714849217,0.641371285150783
"49","5b",2025-03-13 04:30:00,-3.165,3.1963,NA,3.5279,0.331599999999999,4,2.4518,0.303654457949262,0.979911549309325,4,0.457845051247144,4.60388645611241,FALSE,0.345943350874892,0.654056649125108
"50","5b",2025-03-13 06:19:00,-3.332,3.169,NA,3.5279,0.3589,4,2.4518,0.292519781385105,0.979911549309325,4,0.457845051247144,4.60388645611241,FALSE,0.333257986900568,0.666742013099432
"51","5b",2025-03-13 08:40:00,-3.586,3.1086,NA,3.5279,0.4193,4,2.4518,0.267884819316421,0.979911549309325,4,0.457845051247144,4.60388645611241,FALSE,0.305192199939059,0.694807800060941
"52","5b",2025-03-13 11:30:00,-3.948,3.0707,NA,3.5279,0.4572,4,2.4518,0.252426788481932,0.979911549309325,4,0.457845051247144,4.60388645611241,FALSE,0.287581383286059,0.712418616713941
"53","5b",2025-03-13 13:28:00,-4.253,3.0293,NA,3.5279,0.4986,4,2.4518,0.235541235011012,0.979911549309325,4,0.457845051247144,4.60388645611241,FALSE,0.268344237918402,0.731655762081598
"54","5b",NA,NA,NA,NA,3.5279,NA,4,2.4518,NA,0.979911549309325,4,0.457845051247144,4.60388645611241,FALSE,NA,NA
"55","6",2025-03-12 13:39:00,-1.368,4.9429,NA,4.9429,0,5,2.6039,0.898267982641422,0.972714356707578,3,0.885409385588141,6.14455098133377,TRUE,0.660612981152662,0.339387018847338
"56","6",2025-03-12 14:13:00,-1.633,4.6664,NA,4.9429,0.2765,5,2.6039,0.792081109105572,0.972714356707578,3,0.885409385588141,6.14455098133377,TRUE,0.582519997275487,0.417480002724513
"57","6",2025-03-12 14:25:00,-1.745,4.6222,NA,4.9429,0.3207,5,2.6039,0.775106570912861,0.972714356707578,3,0.885409385588141,6.14455098133377,TRUE,0.570036417212662,0.429963582787338
"58","6",2025-03-12 14:52:00,-1.925,4.5505,NA,4.9429,0.392399999999999,5,2.6039,0.74757095126541,0.972714356707578,3,0.885409385588141,6.14455098133377,FALSE,0.549785903852831,0.450214096147169
"59","6",2025-03-12 15:26:00,-2.032,4.5039,NA,4.9429,0.438999999999999,5,2.6039,0.729674718691194,0.972714356707578,3,0.885409385588141,6.14455098133377,FALSE,0.536624482338631,0.463375517661369
"60","6",2025-03-12 16:02:00,-2.165,4.4713,NA,4.9429,0.4716,5,2.6039,0.717155036675755,0.972714356707578,3,0.885409385588141,6.14455098133377,FALSE,0.527417135957452,0.472582864042548
"61","6",2025-03-12 16:40:00,-2.31,4.4381,NA,4.9429,0.504799999999999,5,2.6039,0.704404931064941,0.972714356707578,3,0.885409385588141,6.14455098133377,FALSE,0.51804032921343,0.48195967078657
"62","6",2025-03-12 17:25:00,-2.468,4.4101,NA,4.9429,0.532800000000001,5,2.6039,0.693651829947386,0.972714356707578,3,0.885409385588141,6.14455098133377,FALSE,0.510132178947386,0.489867821052614
"63","6",2025-03-12 18:25:00,-2.543,4.3705,NA,4.9429,0.572399999999999,5,2.6039,0.67844387265256,0.972714356707578,3,0.885409385588141,6.14455098133377,FALSE,0.498947794999697,0.501052205000303
"64","6",2025-03-12 19:40:00,-2.638,4.3158,NA,4.9429,0.6271,5,2.6039,0.657436921540766,0.972714356707578,3,0.885409385588141,6.14455098133377,FALSE,0.483498658587106,0.516501341412894
"65","6",2025-03-12 20:56:00,-2.81,4.252,NA,4.9429,0.690899999999999,5,2.6039,0.632935212565767,0.972714356707578,3,0.885409385588141,6.14455098133377,FALSE,0.465479373338051,0.534520626661949
"66","6",2025-03-12 22:21:00,-3.125,4.1906,NA,4.9429,0.7523,5,2.6039,0.609355197972272,0.972714356707578,3,0.885409385588141,6.14455098133377,FALSE,0.448137929540371,0.551862070459629
"67","6",2025-03-12 23:59:00,-3.312,4.1192,NA,4.9429,0.8237,5,2.6039,0.581934790122509,0.972714356707578,3,0.885409385588141,6.14455098133377,FALSE,0.427972146361962,0.572027853638038
"68","6",2025-03-13 01:40:00,-3.536,4.0485,NA,4.9429,0.8944,5,2.6039,0.554783209800684,0.972714356707578,3,0.885409385588141,6.14455098133377,FALSE,0.408004066940203,0.591995933059797
"69","6",2025-03-13 06:09:00,-3.832,3.9494,NA,4.9429,0.9935,5,2.6039,0.516724912631053,0.972714356707578,3,0.885409385588141,6.14455098133377,FALSE,0.380014863677172,0.619985136322828
"70","6",2025-03-13 09:18:00,-4.257,3.8559,NA,4.9429,1.087,5,2.6039,0.480817235684935,0.972714356707578,3,0.885409385588141,6.14455098133377,FALSE,0.353607290467351,0.646392709532649
"71","6",2025-03-13 11:56:00,-4.472,3.8021,NA,4.9429,1.1408,5,2.6039,0.460155919966205,0.972714356707578,3,0.885409385588141,6.14455098133377,FALSE,0.338412344599025,0.661587655400975
"72","8",2025-03-12 20:12:00,-0.748,2.1356,NA,2.1356,0,6,1.059,1.0166194523135,0.97130033477615,14,0.202506276307845,2.2707336784613,TRUE,0.888479060322155,0.111520939677845
"73","8",2025-03-12 20:15:00,-1.085,2.1039,NA,2.1356,0.0316999999999998,6,1.059,0.986685552407932,0.97130033477615,14,0.202506276307845,2.2707336784613,TRUE,0.862318196294464,0.137681803705536
"74","8",2025-03-12 20:19:00,-1.172,2.0702,NA,2.1356,0.0654000000000003,6,1.059,0.954863078375826,0.97130033477615,14,0.202506276307845,2.2707336784613,TRUE,0.834506804567865,0.165493195432135
"75","8",2025-03-12 20:27:00,-1.261,1.9962,NA,2.1356,0.1394,6,1.059,0.884985835694051,0.97130033477615,14,0.202506276307845,2.2707336784613,TRUE,0.77343727970827,0.22656272029173
"76","8",2025-03-12 20:48:00,-1.558,1.8949,NA,2.1356,0.2407,6,1.059,0.78932955618508,0.97130033477615,14,0.202506276307845,2.2707336784613,TRUE,0.689838051758582,0.310161948241418
"77","8",2025-03-12 21:06:00,-1.918,1.8438,NA,2.1356,0.2918,6,1.059,0.741076487252125,0.97130033477615,14,0.202506276307845,2.2707336784613,TRUE,0.647667069051484,0.352332930948516
"78","8",2025-03-12 21:24:00,-2.179,1.8068,NA,2.1356,0.3288,6,1.059,0.706137865911237,0.97130033477615,14,0.202506276307845,2.2707336784613,TRUE,0.617132306621686,0.382867693378314
"79","8",2025-03-12 21:43:00,-2.383,1.7751,NA,2.1356,0.3605,6,1.059,0.676203966005666,0.97130033477615,14,0.202506276307845,2.2707336784613,TRUE,0.590971442593996,0.409028557406004
"80","8",2025-03-12 22:11:00,-2.586,1.7417,NA,2.1356,0.3939,6,1.059,0.64466477809254,0.97130033477615,14,0.202506276307845,2.2707336784613,TRUE,0.563407630022232,0.436592369977768
"81","8",2025-03-12 22:40:00,-2.688,1.717,NA,2.1356,0.4186,6,1.059,0.62134088762984,0.97130033477615,14,0.202506276307845,2.2707336784613,TRUE,0.543023612940719,0.456976387059281
"82","8",2025-03-12 23:20:00,-2.919,1.6894,NA,2.1356,0.4462,6,1.059,0.595278564683664,0.97130033477615,14,0.202506276307845,2.2707336784613,TRUE,0.520246330695789,0.479753669304211
"83","8",2025-03-13 00:12:00,-3.076,1.6654,NA,2.1356,0.4702,6,1.059,0.57261567516525,0.97130033477615,14,0.202506276307845,2.2707336784613,TRUE,0.500439998308894,0.499560001691106
"84","8",2025-03-13 01:07:00,-3.165,1.6403,NA,2.1356,0.495300000000001,6,1.059,0.548914069877242,0.97130033477615,14,0.202506276307845,2.2707336784613,TRUE,0.479725875687599,0.520274124312401
"85","8",2025-03-13 02:33:00,-3.375,1.6119,NA,2.1356,0.523700000000001,6,1.059,0.522096317280453,0.97130033477615,14,0.202506276307845,2.2707336784613,TRUE,0.456288382363105,0.543711617636895
"86","8",2025-03-13 02:00:00,-3.719,1.5928,NA,2.1356,0.542800000000001,6,1.059,0.504060434372049,0.97130033477615,14,0.202506276307845,2.2707336784613,FALSE,0.440525842838534,0.559474157161466
"87","8",2025-03-13 05:49:00,-3.856,1.572,NA,2.1356,0.5636,6,1.059,0.484419263456091,0.97130033477615,14,0.202506276307845,2.2707336784613,FALSE,0.423360354769892,0.576639645230108
"88","8",2025-03-13 09:01:00,-4.331,1.5245,NA,2.1356,0.6111,6,1.059,0.439565627950897,0.97130033477615,14,0.202506276307845,2.2707336784613,FALSE,0.384160321920828,0.615839678079172
"89","8",2025-03-13 11:39:00,-4.868,1.458,NA,2.1356,0.6776,6,1.059,0.376770538243626,0.97130033477615,14,0.202506276307845,2.2707336784613,FALSE,0.329280275932138,0.670719724067862
