sample,ID,P.MPa,mass.g,mass_lost,leaf.mass.g,offset.mass.g,note,dry_mass,wc,r2,n,slope,sat_mass_est,keep,rwc,rwc_plotting
LATR_1,1,1.11,4.7327,0,4.7327,0,NA,2.1702,1.1807667496083314,0.994760270568772,9,-0.16275734435797645,4.9309934868677034,TRUE,0.9281751830367146,0.07182481696328535
LATR_1,1,1.36,4.719,0.01370000000000004,4.719,0,NA,2.1702,1.1744539673762788,0.994760270568772,9,-0.16275734435797645,4.9309934868677034,TRUE,0.923212841570333,0.07678715842966699
LATR_1,1,1.57,4.686,0.04670000000000041,4.686,0,NA,2.1702,1.1592479955764445,0.994760270568772,9,-0.16275734435797645,4.9309934868677034,TRUE,0.9112597562863478,0.08874024371365219
LATR_1,1,1.71,4.6555,0.07720000000000038,4.6555,0,NA,2.1702,1.145193991337204,0.994760270568772,9,-0.16275734435797645,4.9309934868677034,TRUE,0.9002122077663012,0.09978779223369882
LATR_1,1,1.98,4.6088,0.1239000000000008,4.6088,0,NA,2.1702,1.1236752373053174,0.994760270568772,9,-0.16275734435797645,4.9309934868677034,TRUE,0.8832967810159343,0.11670321898406566
LATR_1,1,2.27,4.5544,0.17830000000000013,4.5544,0,"pv(""latr_2"", plotonly = T)",2.1702,1.0986084231868032,0.994760270568772,9,-0.16275734435797645,4.9309934868677034,TRUE,0.8635923010326381,0.13640769896736193
LATR_1,1,2.62,4.5095,0.2232000000000003,4.5095,0,NA,2.1702,1.0779190857985441,0.994760270568772,9,-0.16275734435797645,4.9309934868677034,TRUE,0.8473288607523068,0.15267113924769316
LATR_1,1,2.91,4.4604,0.27230000000000043,4.4604,0,NA,2.1702,1.0552944429084878,0.994760270568772,9,-0.16275734435797645,4.9309934868677034,TRUE,0.8295441187085595,0.17045588129144051
LATR_1,1,3.38,4.3749,0.3578000000000001,4.3749,0,NA,2.1702,1.0158971523361904,0.994760270568772,9,-0.16275734435797645,4.9309934868677034,TRUE,0.7985747613818711,0.2014252386181289
LATR_1,1,3.49,4.3014,0.43130000000000024,4.3014,0,NA,2.1702,0.9820293060547416,0.994760270568772,9,-0.16275734435797645,4.9309934868677034,FALSE,0.7719519805220864,0.22804801947791364
LATR_1,1,3.77,4.2159,0.5167999999999999,4.2159,0,NA,2.1702,0.9426320154824442,0.994760270568772,9,-0.16275734435797645,4.9309934868677034,FALSE,0.740982623195398,0.259017376804602
LATR_1,1,4.18,4.1541,0.5786000000000007,4.1541,0,NA,2.1702,0.9141553773845728,0.994760270568772,9,-0.16275734435797645,4.9309934868677034,FALSE,0.718597754390844,0.28140224560915605
LATR_1,1,4.44,4.0956,0.6371000000000002,4.0956,0,NA,2.1702,0.8871993364666853,0.994760270568772,9,-0.16275734435797645,4.9309934868677034,FALSE,0.6974081941146889,0.3025918058853111
LATR_1,1,4.73,4.0515,0.6812000000000005,4.0515,0,"pv(""latr_3"", plotonly = T)",2.1702,0.8668786286978158,0.994760270568772,9,-0.16275734435797645,4.9309934868677034,FALSE,0.6814345255988179,0.3185654744011821
LATR_1,1,4.95,3.9461,0.7866000000000004,3.9461,0,NA,2.1702,0.8183116763431942,0.994760270568772,9,-0.16275734435797645,4.9309934868677034,FALSE,0.643257095631181,0.35674290436881895
LATR_2,2,1.32,2.2396,0.02470000000000016,2.2396,0,NA,1.0052,1.2280143255073612,0.9938553877522338,5,-0.0633024333719583,2.3229190034762457,TRUE,0.9367702801155301,0.0632297198844699
LATR_2,2,1.49,2.2253,0.03900000000000014,2.2253,0,NA,1.0052,1.2137883008356543,0.9938553877522338,5,-0.0633024333719583,2.3229190034762457,TRUE,0.9259181940772507,0.07408180592274927
LATR_2,2,1.97,2.2023,0.06199999999999983,2.2023,0,NA,1.0052,1.1909072821329088,0.9938553877522338,5,-0.0633024333719583,2.3229190034762457,TRUE,0.9084637899597386,0.09153621004026136
LATR_2,2,2.32,2.1774,0.08689999999999998,2.1774,0,NA,1.0052,1.1661360923199362,0.9938553877522338,5,-0.0633024333719583,2.3229190034762457,TRUE,0.8895675002846926,0.11043249971530744
LATR_2,2,2.77,2.1452,0.11909999999999998,2.1452,0,NA,1.0052,1.134102666136092,0.9938553877522338,5,-0.0633024333719583,2.3229190034762457,TRUE,0.8651313345201753,0.13486866547982468
LATR_2,2,3.12,2.1054,0.15890000000000004,2.1054,0,NA,1.0052,1.0945085555113407,0.9938553877522338,5,-0.0633024333719583,2.3229190034762457,FALSE,0.8349276265255235,0.16507237347447645
LATR_2,2,3.4,2.0605,0.20379999999999976,2.0605,0,NA,1.0052,1.049840827695981,0.9938553877522338,5,-0.0633024333719583,2.3229190034762457,FALSE,0.8008535941395976,0.19914640586040244
LATR_2,2,3.72,2.0152,0.24909999999999988,2.0152,0,NA,1.0052,1.0047751691205729,0.9938553877522338,5,-0.0633024333719583,2.3229190034762457,FALSE,0.7664760068994536,0.2335239931005464
LATR_2,2,3.92,1.9691,0.2951999999999999,1.9691,0,NA,1.0052,0.9589136490250695,0.9938553877522338,5,-0.0633024333719583,2.3229190034762457,FALSE,0.7314913099508746,0.26850869004912536
LATR_2,2,4.32,1.9294,0.3349,1.9294,0,NA,1.0052,0.9194190210903301,0.9938553877522338,5,-0.0633024333719583,2.3229190034762457,FALSE,0.7013634906697772,0.2986365093302228
LATR_2,2,4.72,1.9004,0.3638999999999999,1.9004,0,NA,1.0052,0.8905690409868682,0.9938553877522338,5,-0.0633024333719583,2.3229190034762457,FALSE,0.6793557637390009,0.32064423626099914
LATR_2,2,6.79,1.8553,0.409,1.8553,0,NA,1.0052,0.845702347791484,0.9938553877522338,5,-0.0633024333719583,2.3229190034762457,FALSE,0.6451299539259657,0.3548700460740343
LATR_3,3,1.66,3.4652,0.03210000000000024,3.4652,0,NA,1.6909,1.0493228458217516,0.998287357028933,3,-0.09771356783919886,3.6279653266331713,TRUE,0.9159732382820175,0.08402676171798251
LATR_3,3,1.85,3.4482,0.04910000000000014,3.4482,0,NA,1.6909,1.0392690283281092,0.998287357028933,3,-0.09771356783919886,3.6279653266331713,TRUE,0.9071970758231356,0.09280292417686442
LATR_3,3,2.09,3.4233,0.07400000000000029,3.4233,0,NA,1.6909,1.0245431427050682,0.998287357028933,3,-0.09771356783919886,3.6279653266331713,TRUE,0.894342579045126,0.10565742095487396
LATR_3,3,2.39,3.3846,0.11270000000000024,3.3846,0,NA,1.6909,1.0016559228813056,0.998287357028933,3,-0.09771356783919886,3.6279653266331713,FALSE,0.8743639033299064,0.12563609667009357
LATR_3,3,2.7,3.3484,0.14890000000000023,3.3484,0,NA,1.6909,0.9802472056301376,0.998287357028933,3,-0.09771356783919886,3.6279653266331713,FALSE,0.855675839740993,0.14432416025900696
LATR_3,3,2.92,3.3089,0.18840000000000012,3.3089,0,NA,1.6909,0.956886864983145,0.998287357028933,3,-0.09771356783919886,3.6279653266331713,FALSE,0.8352841681453556,0.16471583185464445
LATR_3,3,3.25,3.2553,0.242,3.2553,0,NA,1.6909,0.9251877698267195,0.998287357028933,3,-0.09771356783919886,3.6279653266331713,FALSE,0.8076134441573513,0.19238655584264874
LATR_3,3,3.37,3.1982,0.29910000000000014,3.1982,0,NA,1.6909,0.8914187710686615,0.998287357028933,3,-0.09771356783919886,3.6279653266331713,FALSE,0.7781358631925182,0.22186413680748185
LATR_3,3,3.66,3.1352,0.36209999999999987,3.1352,0,NA,1.6909,0.8541605062392809,0.998287357028933,3,-0.09771356783919886,3.6279653266331713,FALSE,0.7456124376096027,0.2543875623903973
LATR_3,3,3.97,3.0775,0.4197999999999999,3.0775,0,NA,1.6909,0.8200366668638004,0.998287357028933,3,-0.09771356783919886,3.6279653266331713,FALSE,0.7158251097344562,0.28417489026554377
LATR_3,3,4.17,3.0371,0.46019999999999994,3.0371,0,NA,1.6909,0.7961440652906736,0.998287357028933,3,-0.09771356783919886,3.6279653266331713,FALSE,0.6949688177733484,0.3050311822266516
LATR_3,3,4.58,2.9918,0.5055000000000001,2.9918,0,NA,1.6909,0.7693535986752617,0.998287357028933,3,-0.09771356783919886,3.6279653266331713,FALSE,0.6715829260446805,0.3284170739553195
LATR_3,3,5.13,2.8621,0.6352000000000002,2.8621,0,NA,1.6909,0.6926488852090601,0.998287357028933,3,-0.09771356783919886,3.6279653266331713,FALSE,0.6046259689319161,0.3953740310680839
LATR_4,4,1.59,3.2533,0.04059999999999997,3.2429,0.0104,NA,1.5351,1.1192756172236338,0.9931260091980543,6,-0.0866491845753632,3.3871385887564402,TRUE,0.9277344491799672,0.07226555082003283
LATR_4,4,1.82,3.2261,0.06779999999999964,3.2157,0.0104,NA,1.5351,1.1015569018304998,0.9931260091980543,6,-0.0866491845753632,3.3871385887564402,TRUE,0.9130479301381241,0.08695206986187587
LATR_4,4,2.01,3.2165,0.07739999999999991,3.2061,0.0104,NA,1.5351,1.0953032375740994,0.9931260091980543,6,-0.0866491845753632,3.3871385887564402,TRUE,0.9078644528292381,0.09213554717076189
LATR_4,4,2.23,3.188,0.10589999999999966,3.1776,0.0104,NA,1.5351,1.0767376718129114,0.9931260091980543,6,-0.0866491845753632,3.3871385887564402,TRUE,0.8924760045684833,0.1075239954315167
LATR_4,4,2.71,3.1513,0.14259999999999984,3.1409,0.0104,NA,1.5351,1.0528304344993813,0.9931260091980543,6,-0.0866491845753632,3.3871385887564402,TRUE,0.872660002773055,0.127339997226945
LATR_4,4,3.09,3.1222,0.17169999999999996,3.1118,0.0104,NA,1.5351,1.0338740147221679,0.9931260091980543,6,-0.0866491845753632,3.3871385887564402,TRUE,0.8569475871804947,0.14305241281950531
LATR_4,4,3.58,2.9654,0.3285,2.955,0.0104,NA,1.5351,0.9317308318676307,0.9931260091980543,6,-0.0866491845753632,3.3871385887564402,FALSE,0.7722841244686922,0.2277158755313078
LATR_4,4,3.69,2.9072,0.3866999999999998,2.8968,0.0104,NA,1.5351,0.8938179923132045,0.9931260091980543,6,-0.0866491845753632,3.3871385887564402,FALSE,0.7408592932835718,0.2591407067164282
LATR_4,4,4.03,2.8334,0.4604999999999997,2.823,0.0104,NA,1.5351,0.8457429483421277,0.9931260091980543,6,-0.0866491845753632,3.3871385887564402,FALSE,0.7010113114715119,0.29898868852848814
LATR_4,4,4.34,2.773,0.5208999999999997,2.7626,0.0104,NA,1.5351,0.8063969773956096,0.9931260091980543,6,-0.0866491845753632,3.3871385887564402,FALSE,0.6683986000697716,0.3316013999302284
LATR_4,4,4.49,2.7256,0.5682999999999998,2.7152,0.0104,NA,1.5351,0.7755195101296334,0.9931260091980543,6,-0.0866491845753632,3.3871385887564402,FALSE,0.6428051808571477,0.35719481914285234
LATR_4,4,4.74,2.691,0.6029,2.6806,0.0104,NA,1.5351,0.7529802618721907,0.9931260091980543,6,-0.0866491845753632,3.3871385887564402,FALSE,0.6241230647230381,0.37587693527696187
LATR_4,4,5.23,2.6086,0.6852999999999998,2.5982,0.0104,NA,1.5351,0.6993029770047555,0.9931260091980543,6,-0.0866491845753632,3.3871385887564402,FALSE,0.5796315511551012,0.42036844884489877
LATR_5,5,1.99,3.2982,0.09719999999999995,3.2862,0,NA,1.4964,1.2040898155573376,0.9898447779080013,5,-0.15708765897786794,3.621322503922287,TRUE,0.847936805541919,0.15206319445808103
LATR_5,5,2.39,3.256,0.1394000000000002,3.256,0,NA,1.4964,1.1758887997861533,0.9898447779080013,5,-0.15708765897786794,3.621322503922287,TRUE,0.8280772577597738,0.1719227422402262
LATR_5,5,2.65,3.2108,0.1846000000000001,3.2108,0,NA,1.4964,1.1456829724672548,0.9898447779080013,5,-0.15708765897786794,3.621322503922287,TRUE,0.8068058937845853,0.19319410621541466
LATR_5,5,3.1,3.1363,0.2591000000000001,3.1363,0,NA,1.4964,1.0958968190323444,0.9898447779080013,5,-0.15708765897786794,3.621322503922287,TRUE,0.7717457916573387,0.2282542083426613
LATR_5,5,3.36,3.0862,0.30920000000000014,3.0862,0,NA,1.4964,1.0624164661855118,0.9898447779080013,5,-0.15708765897786794,3.621322503922287,TRUE,0.7481684612335124,0.25183153876648756
LATR_5,5,3.56,3.025,0.37040000000000006,3.025,0,NA,1.4964,1.0215183106121357,0.9898447779080013,5,-0.15708765897786794,3.621322503922287,FALSE,0.7193674108954253,0.28063258910457467
LATR_5,5,3.66,2.9758,0.4196,2.9758,0,NA,1.4964,0.9886394012296178,0.9898447779080013,5,-0.15708765897786794,3.621322503922287,FALSE,0.6962136253295121,0.30378637467048786
LATR_5,5,4,2.932,0.4634,2.932,0,NA,1.4964,0.9593691526329858,0.9898447779080013,5,-0.15708765897786794,3.621322503922287,FALSE,0.6756011089110772,0.32439889108892284
LATR_5,5,4.31,2.8975,0.4979,2.8975,0,NA,1.4964,0.936313819834269,0.9898447779080013,5,-0.15708765897786794,3.621322503922287,FALSE,0.6593652226910771,0.3406347773089229
LATR_5,5,4.68,2.7929,0.6025,2.7929,0,NA,1.4964,0.8664127238706228,0.9898447779080013,5,-0.15708765897786794,3.621322503922287,FALSE,0.6101398980936275,0.38986010190637255
LATR_5,5,4.95,2.7492,0.6461999999999999,2.7492,0,NA,1.4964,0.8372093023255816,0.9898447779080013,5,-0.15708765897786794,3.621322503922287,FALSE,0.5895744422149607,0.4104255577850393
LATR_6,6,1.26,4.7428,0.04790000000000027,4.7428,0,NA,1.9769,1.3991097172340532,0.991145415439205,7,-0.17394210526315762,4.947170466165413,TRUE,0.9311946610608652,0.06880533893913476
LATR_6,6,1.46,4.6908,0.09989999999999988,4.6908,0,NA,1.9769,1.372805908240174,0.991145415439205,7,-0.17394210526315762,4.947170466165413,TRUE,0.9136878378296694,0.08631216217033055
LATR_6,6,1.64,4.6664,0.12429999999999986,4.6664,0,NA,1.9769,1.3604633517122768,0.991145415439205,7,-0.17394210526315762,4.947170466165413,TRUE,0.9054730976981082,0.09452690230189176
LATR_6,6,1.75,4.6276,0.16310000000000002,4.6276,0,NA,1.9769,1.3408366634629976,0.991145415439205,7,-0.17394210526315762,4.947170466165413,TRUE,0.8924103142102158,0.10758968578978423
LATR_6,6,2.35,4.526,0.2647000000000004,4.526,0,NA,1.9769,1.2894430674288024,0.991145415439205,7,-0.17394210526315762,4.947170466165413,TRUE,0.8582046749738789,0.14179532502612113
LATR_6,6,2.75,4.4677,0.3230000000000004,4.4677,0,NA,1.9769,1.2599524508068185,0.991145415439205,7,-0.17394210526315762,4.947170466165413,TRUE,0.838576832774288,0.16142316722571204
LATR_6,6,3.07,4.425,0.3657000000000003,4.425,0,NA,1.9769,1.2383529768829984,0.991145415439205,7,-0.17394210526315762,4.947170466165413,TRUE,0.8242010375440559,0.17579896245594406
LATR_6,6,3.4,4.3128,0.4779,4.3128,0,NA,1.9769,1.1815974505538975,0.991145415439205,7,-0.17394210526315762,4.947170466165413,FALSE,0.7864266997259755,0.21357330027402455
LATR_6,6,3.53,4.2232,0.5674999999999999,4.2232,0,NA,1.9769,1.1362739642875208,0.991145415439205,7,-0.17394210526315762,4.947170466165413,FALSE,0.7562610966199147,0.2437389033800853
LATR_6,6,3.93,4.1018,0.6889000000000003,4.1018,0,NA,1.9769,1.0748646871364256,0.991145415439205,7,-0.17394210526315762,4.947170466165413,FALSE,0.7153893977686223,0.2846106022313777
LATR_6,6,4.18,3.9822,0.8085,3.9822,0,NA,1.9769,1.0143659264505034,0.991145415439205,7,-0.17394210526315762,4.947170466165413,FALSE,0.6751237043368716,0.32487629566312837
LATR_6,6,4.54,3.908,0.8827000000000003,3.908,0,NA,1.9769,0.97683241438616,0.991145415439205,7,-0.17394210526315762,4.947170466165413,FALSE,0.650142814264665,0.349857185735335
LATR_6,6,4.72,3.8705,0.9202000000000004,3.8705,0,NA,1.9769,0.9578633213617278,0.991145415439205,7,-0.17394210526315762,4.947170466165413,FALSE,0.6375177013575525,0.3624822986424475
LATR_6,6,5.01,3.7612,1.0295,3.7612,0,NA,1.9769,0.9025747382265162,0.991145415439205,7,-0.17394210526315762,4.947170466165413,FALSE,0.6007197056042887,0.39928029439571133
